Road,Number_of_Parking_Space,Hours_per_sheet,Space_efficiency,Road_Start,Road_End
 立功路,50.38390805,3.251458667,35.90%,大度路三段,立德路120巷
愛國東路,106.7827586,1.509644521,15.30%,杭州南路,金山南路
愛國西路,8.90747782,1.804024333,34.30%,重慶南路,公園路
安東街,5.075862069,1.726792009,30.70%,八德路2段,市民大道
安東街16巷,58.46896552,2.048884143,14.20%,八德路2段210巷,安東街
安東街40巷,26.55632184,2.07620118,24.60%,安東街,忠孝東路三段251巷
安和路二段,77.68514056,2.143449662,22.70%,信義路,和平東路
安和路二段74巷,12.5716129,2.027601978,30.10%,敦化南路二段63巷,安和路二段
安和路一段127巷含29弄,83.73563218,2.157632169,13.60%,安和路一段127巷,仁愛路4段266巷13弄
安和路一段A,42.85830619,2.008174477,26.70%,仁愛路,信義路
安和路一段B(累進計時),18.7323601,1.745393864,29.80%,敦化南路,仁愛路
安康平面停車場,202.7446458,1.856536797,17.70%,,
安美街,42.07142857,1.627118644,9.50%,安美街,潭美街
安西街,24.66206897,1.672776646,17.20%,涼州街口,民權西路
安祥平面停車場,9.750574713,2.122470459,40.20%,,
八德路2段174巷含11弄,26.38275862,1.825195603,12.40%,八德路2段,市民大道
八德路2段199巷,19.11724138,1.677452944,19.40%,長安東路2段,八德路2段
八德路2段210巷,46.98474946,1.407126691,9.50%,八德路2段,市民大道
八德路2段218巷,36.07126437,1.805966344,13.90%,八德路2段,安東街16巷
八德路二段167巷,12.3908046,1.807624113,20.40%,八德路二段,長安東路
八德路二段451巷,19.3880049,1.984252989,29.70%,八德路二段,敦化北路4巷
八德路二段451巷,19.3880049,1.984252989,29.70%,八德路2段,敦化北路4巷
八德路二段臨時平面,4.539700806,1.964532156,45.10%,市民大道三段,八德路二段
八德路二段A,14.69606513,1.597779407,21.70%,復興北路,敦化北路
八德路二段B,30.85516507,1.185166994,12.80%,復興北路,市民大道三段
八德路三段,27.25253256,1.393285145,15.10%,敦化北路,光復南北路
八德路四段,21.50206441,1.56432727,19.30%,東興路,光復北路
八德路四段17巷,3.725806452,2.468453894,50.80%,光復北路11巷,八德路四段  
八德路一段,22.4288425,0.775769643,6.10%,忠孝東路2段,新生北路1段
八德路一段43巷,8.700598802,1.283172344,8.90%,金山北路,八德路一段
八德路一段43巷(機車),179.2365385,0.805847707,10.80%,金山北路,八德路一段43巷
八德路一段北側,27.46780303,0.806388314,12.80%,金山北路,新生北路
百齡槌球場,426.3799076,0.410616569,1.30%,通河西街一段旁堤外,百齡橋以南
百齡堤外停車場A,504.2974537,0.421647101,1.40%,通河西街旁堤外,百齡橋以北
百齡堤外停車場B,154.5641026,0.530839388,1.30%,通河西街旁堤外,百齡橋以北（最北）
百齡橋堤外足球場,23.76,1,20.20%,百齡橋堤外足球場,百齡橋堤外足球場
保安街,30.9178744,1.536263428,21.40%,重慶北路二段,延平北路
寶興街,106.7988506,1.931483586,19.00%,西藏路,萬大路424巷
北安路,72.43340381,1.16359007,22.70%,北安路554巷,大直街
北安路458巷41弄,109.9067961,1.47654758,21.00%,北安路,大直橋邊
北安路458巷47弄,162.6528736,1.509921585,14.50%,北安路458巷41弄,大直橋下
北安路554巷,23.45977011,1.35655689,28.00%,北安路,北安路554巷8弄
北安路770巷,64.73103448,1.880318918,9.60%,敬業一路,北安路
北寧路,10.49529512,1.990788692,54.60%,南京東路,八德路
北平東路,143.8294993,1.76720065,11.60%,中山北路,杭州北路
北平西路（逸仙公園南側）,142.8333333,1,5.90%,中山北路,逸仙公園無名巷
北平西路A,197.5437788,1,8.20%,重慶北路,延平北路
北投磺港溪廣場,49.7456847,1.029049313,31.00%,光明路,公館路-磺港路
北投路1段,161.92,1,5.00%,大興街,公館路
北投路2段,81.16,1,5.80%,大業街,大興街
濱江街,88.35257732,1.509309369,8.90%,新生北路3段,松江路
濱江街路邊停車場,239.0474537,0.79018949,1.20%,大直橋,撫遠街403巷
濱江街路邊停車場A,97.40322581,0.783221664,3.30%,大直橋,撫遠街403巷
濱江橋下停車場,15.73281453,2.127601889,13.80%,濱江街230號,濱江街248號
博愛路A（計時）,51.67205543,1.399230495,19.70%,愛國西路,植物園
博愛路B（含機車）,108.3740648,1.019071136,11.20%,忠孝西路,衡陽路
博愛路C（累進計時）,106.9383003,1.463760553,9.20%,忠孝西路,愛國西路
昌吉街,53.60577674,1.623791053,17.50%,承德路,環河北路
常德街（機車計次）,119.862069,1,32.10%,中山南路,公園路
潮州街,34.5862069,1.942179692,24.50%,羅斯福路,金山南路
成都路A,36.57931034,2.367120288,23.80%,康定路,環河南路
成都路B,134.907455,1.014950325,19.00%,康定路,中華路
成福路,24.30555556,2.234972678,17.50%,同德路,福德街
成功路1段,91.4,1.839389152,7.30%,南港路3段,成功路1段94巷
成功路2段,71.01492537,1.773815931,17.30%,成功路3段6巷,潭美街
成功路3段,64.70149254,1.779968276,11.30%,文德路,成功路3段6巷
成功路三段,28.65747126,1.475291677,38.00%,康寧路一段,文德路
成功路四段,90.84119107,1.452349952,10.90%,康寧路一段,大湖街158巷
成功路五段,184.3057471,1.555500243,11.00%,大湖街158巷,成功路五段420巷
承德堤外,684.5090909,0.289741502,0.80%,基隆河左岸承德橋下堤外,
承德路二段75巷,13.5036855,2.52883204,27.40%,承德路二段,赤峰街
承德路二段91巷,7.84295612,2.451973001,34.80%,承德路2段,赤峰街
承德路二段A,106.4833977,1.219288649,9.90%,民權西路,南京西路
承德路二段B,18.09018568,0.959804339,12.40%,民生西路,南京西路
承德路六段,359.2941176,0.404115202,1.40%,基河路,文林北路
承德路七段,163.937931,0.371465646,2.00%,大業路,文林北路
承德路三段,65.45140562,1.33916604,12.80%,民權西路,敦煌路
承德路三段208巷,28.44942529,1.542598653,20.20%,承德路三段,大龍街
承德路三段283巷,14.50344828,1.469354685,30.50%,承德路三段,庫倫街61巷
承德路三段285巷,82.96,1.960876369,15.10%,哈密街,承德路3段283巷
承德路四段179巷含機車,121.6227599,1.160297639,10.80%,基河路,承德路四段
承德路四段195巷含機車,83.05801105,1.279901849,15.50%,基河路,承德路四段
承德路四段58巷,25.94074074,1.879837067,16.50%,承德路四段,劍潭路
承德路四段77巷,5.3138833,1.088298636,17.70%,基河路,承德路四段
承德路四段A,81.75101709,1.538865251,15.50%,中正路,通河街
承德路四段B含機車,30.51752678,1.469415032,14.00%,大南路,劍潭路
承德路一段,7.679012346,0.080223881,1.00%,市民大道,南京西路
崇德街,16.66,2.079002079,30.00%,基隆路,富陽街
崇仁路1段,2.25,1,12.50%,中央南路1段,磺港路
大安路二段,145.8526786,1.691236204,19.10%,信義路,復興南路151巷
大安路一段,54.6877602,1.670512365,22.60%,市民大道,仁愛路
大道路,66.1008807,1.847861788,17.00%,忠孝東路五段,福德街
大東路,23.45090909,1.864865735,28.10%,文林路,小北街
大湖山莊街,354.6666667,1.786302781,6.80%,大湖山莊街243巷,成功路5段
大佳公園八號水門堤外平面大車停車場,90.87971698,0.308810801,1.20%,,
大佳公園八號水門堤外平面小車停車場,372.9487179,0.303134271,1.30%,,
大佳河濱公園,741.4498044,0.41843698,0.30%,基隆河大佳段,
大龍街,37.38505747,1.390933484,18.90%,民族西路,大龍街215巷
大南路(含285巷),5.544827586,1.574652322,31.10%,承德路四段,通河東街ㄧ段
大業路,418.5,1,1.60%,中和街,大度路1段
大業路,418.5,1,1.60%,承德路七段,中和街
大業路,418.5,1,1.60%,泉源路,承德路7段
大直街,6.531034483,1.664314324,38.40%,北安路670巷,北安路458巷41弄
丹陽街,28.02758621,1.42832806,18.50%,紹興南街,杭州南路1段
稻香路,153.8333333,1,3.80%,石仙路,中央北路2段
德惠街,45.3688946,1.817642252,18.40%,中山北路,新生北路
德惠街B,16.66419142,1.70583112,24.20%,新生北路,松江路
德行東路,277.2298475,1.338004269,12.30%,東山路,中山北路六段
德行東路109巷,14.38709677,1.140529532,15.70%,士東路,德行東路
德行西路,68.45052632,1.769951293,20.00%,中山北路六段,文林路
堤頂大道二段407巷及20弄,183.1096197,1.241728987,4.70%,堤頂大道,基湖路10巷
堤頂大道二段A東側,148.7465438,1.556534546,11.80%,瑞光路478巷,內湖路一段
堤頂大道西側,219.0099338,1.376537851,6.10%,內湖路一段,樂群一路
堤頂大道一段,75.96503497,2.013219084,17.90%,民權東路6段,行善路
迪化街一段A,48.93013699,1.108901206,10.70%,民權西路,歸綏街
迪化街一段B,27.17,1.131784613,18.20%,南京西路,民生西路
東明街,75.19354839,2.331870061,14.20%,興南街,興華路
東山路,400.5714286,2.394046095,5.60%,德行東路,天母東路
東新街,188.9294118,1.642719692,6.00%,東新街80巷,昆陽街
東新街,188.9294118,1.642719692,6.00%,東新街108巷,東新街170巷與昆陽街
東興路,15.66804979,1.769340135,14.40%,南京東路五段,八德路四段  
東園街35巷,90.54482759,2.381680452,19.00%,東園街,東園街73巷
東園街67巷,12.27586207,2.214759756,19.50%,東園街35巷,東園街73巷
東園街73巷,14.12413793,2.062947368,19.90%,西藏路199巷,東園街35巷
敦化北路199巷,52.49770115,1.845639164,25.10%,光復北路230巷,敦化北路
敦化南路二段81巷,31.97471264,2.165745365,33.70%,敦化南路二段,安和路
敦煌路平面停車場,12.18011257,2.06650963,28.70%,,
敦煌路A,60.84948779,1.637913198,10.80%,大龍街,玉門街
敦煌路B（慶昌橋下）,131.721968,2.068805222,14.10%,大龍街,延平北路四段
峨嵋街A,17.23035952,1.759620149,20.60%,環河南路,康定路
峨嵋街B,140.9183673,1.140352542,14.00%,康定路,昆明街
兒童新樂園南側,8.975609756,1.583561644,11.20%,士商路,基河路
芳蘭路A,324.6829268,1,3.90%,辛亥路,軍營口
廢鐵道平面,355.6802842,2.11999874,17.90%,忠孝東路,延吉街
福港街,17.32603687,1.89775123,26.90%,福港街199巷,前港街
福港街199巷,22.06896552,1.745413339,21.10%,華齡街,福港街
福和橋東側橋邊,46.52873563,2.608844765,17.90%,,
福林公園平面大車,12.54174397,0.681265775,27.00%,中正路,福林公園北側
福志路,254.020765,2.324326807,8.40%,雨農路,中山北路五段
福中公園周邊,28.9816092,2.029770343,28.40%,福港街149巷,
福州街,33.43376414,1.647997835,29.40%,羅斯福路,牯嶺街
福州街廣場,97.92873563,2.295740433,20.20%,和平西路,泉州街
福州街A,3.870967742,1.637028015,70.00%,牯嶺街,重慶南路三段
撫順街,2.69250646,1.13597899,23.40%,承德路,中山北路
撫順街41巷,158.1,2.457211538,16.20%,撫順街,民族西路
撫遠街,75.83598326,1.645684913,7.70%,民生東路五段,塔悠路
富錦街107巷,113.9954023,3.460694527,27.90%,民權東路4段,富錦街
富錦街359巷,5.072792363,2.095525998,35.70%,富錦街359巷2弄,富錦街
富錦街359巷2弄,159,5.68,27.90%,新中街,富錦街359巷
富錦街359巷3弄,24,6.234042553,76.30%,富錦街359巷,民生東路5段27巷
富錦街429巷,16.5,5.606060606,70.10%,三民路167巷,富錦街
富錦街429巷,16.5,5.606060606,70.10%,三民路167巷,富錦街
富錦街A,439.9170654,2.342325209,14.60%,新中街,敦化北路
富錦街B,133.2384824,1.630115174,20.50%,撫遠街,新中街
富康街1巷,151.8206897,2.481326289,12.90%,研究院路1段,富康街
富康街1巷16弄,59.33608247,2.416363555,23.40%,富康街1巷,研究院路1段101巷
富民街155巷,18.9512761,1.174018239,9.70%,富民路,萬大路423巷36弄
富陽街,65.12,1.927866831,12.00%,崇德街,臥龍街272巷
復興北路430巷,31.00689655,1.78379513,19.70%,民權東路3段39巷,復興北路
復興北路488巷,32.21609195,2.063538893,25.60%,復興北路,民權東路3段39巷
復興北路A,15.33713355,1.730160906,25.80%,民權東路,民生東路
復興北路B,46.07954545,1.507579897,16.70%,南京東路,民生東路
復興北路C,9.720233747,1.562130371,27.60%,八德路,南京東路
復興南路二段,23.10970996,1.262927998,15.00%,信義路,辛亥路
復興南路二段148巷,23.64378801,1.714983356,24.30%,復興南路二段,瑞安街
復興南路二段151巷,39.63509317,1.844768777,24.00%,復興南路二段,大安路
復興南路一段126巷,12.79723502,1.825485726,27.60%,安東街,復興南路一段
復興南路一段135巷,32.35862069,1.537113783,20.50%,大安路一段,復興南路一段
復興南路一段A,15.86513995,1.435249941,18.90%,市民大道,八德路
復興南路一段B,8.917954816,1.123983349,18.00%,市民大道,忠孝東路四段
甘谷街,3.888888889,2.75,20.50%,塔城街,延平北路1段
甘州街,50.93103448,1.43030303,18.20%,涼州街,歸綏街
港華街,38.15625,2.73015873,26.40%,內湖路1段411巷,港墘路
港墘路,14.8781407,1.698994586,23.20%,環山路2段,堤頂大道2段
港墘路221巷,153.3621684,1.383355361,8.20%,港墘路,陽光街
公園路A（計時）,13.56351039,1.752021899,30.00%,貴陽街,愛國西路
公園路B（含機車）,74.51856946,1.000791917,18.10%,忠孝西路,襄陽路
牯嶺街A,100.1950596,1.925988171,25.10%,重慶南路二段,和平西路一段
牯嶺街YB0,52.70574713,2.169873207,24.20%,汀州路,水源路
牯嶺街ZB0,12.7852349,1.705845493,25.00%,和平西路,汀州路
關渡路,104.0625,1,5.10%,大度路3段,知行路
觀山堤外（5號水門）,487.0804598,0.368236207,6.00%,汽車,
觀山堤外（6號水門）,699.4413793,0.416182248,1.10%,汽車,
館前路（含機車）,53.84100418,1.006486433,15.80%,漢口街,襄陽路
光復北路,279.7469136,1.771387182,7.50%,民權東路四段,健康路
光復北路11巷,37.9499561,2.044421797,24.30%,吉祥路,光復北路
光復北路190巷,97.76551724,2.368432734,22.00%,光復北路,健康路15巷
光復北路230巷,21.63234111,2.082595183,15.30%,光復北路,敦化北路199巷
光復南路A,7.33640553,1.425326103,25.50%,市民大道五段,八德路四段
光復南路B,32.89959514,1.719354336,16.70%,忠孝東路,基隆路
光明路,30.93,0.947600662,6.90%,育仁路,溫泉路72巷
光明路,30.93,0.947600662,6.90%,中山路,育仁路
廣州街218巷,40.38164251,2.338643605,19.20%,廣州街,和平西路3段
廣州街8巷,113.4065041,1.240017091,19.10%,廣州街,中華路二段75巷
廣州街A,59.97226502,1.295790487,19.20%,康定路,中華路二段
廣州街B,28.4124424,1.094196804,23.70%,中華路二段,延平南路
歸綏街,43.02557756,1.268763154,17.50%,重慶北路二段,環河北路二段
桂林路,24.89042676,1.7602903,19.20%,昆明街,華西街
桂林路堤外平面,166.8373984,0.392521714,3.10%,桂林路底堤防內,
貴陽街二段,74.27016445,1.882696117,20.70%,環河南路一段,康定路
貴陽街一段,57.94319527,1.752314425,21.30%,重慶南路,公園路
國興路,48.56356275,2.350109726,23.70%,中華路二段416巷,水源路
哈密街,9.074529389,1.523851161,24.90%,承德路三段,庫倫街61巷
哈密街,9.074529389,1.523851161,24.90%,敦煌路,哈密街
哈密街,9.074529389,1.523851161,24.90%,大龍街,重慶北路三段
哈密街59巷56弄,20,1.891515994,17.00%,哈密街59巷,哈密街59巷78弄
漢口街二段,282.0630936,1.00717124,11.10%,中華路,環河南路
漢口街一段B（含機車）,161.5042537,1.000273526,16.30%,館前路,博愛路
漢口街一段C（含機車）,110.0403023,1.004893755,8.30%,博愛路,中華路一段
漢中街B,116,1,11.50%,開封街,漢口街
杭州北路,49.89351852,1.44926124,17.30%,北平東路,忠孝東路
杭州南路二段,82.01720648,1.372014752,13.70%,信義路,羅斯福路
杭州南路二段-大車場,98.4665127,0.781435572,7.90%,信義路,愛國東路
杭州南路二段25巷,89.91264368,1.566612788,18.30%,杭州南路,信義路二段44巷
杭州南路一段,81.45390625,1.295774648,15.50%,忠孝東路,信義路
合江街,3.880046136,2.041361043,37.20%,民權東路3段,長春路
和平東路二段,2.269470405,0.753105819,70.20%,復興南路,建國南路
和平東路二段76巷,48.62906977,2.494943095,30.60%,和平東路二段90巷,辛亥路
和平東路二段90巷,2.549295775,2.154040404,49.10%,和平東路二段,和平東路二段76巷
和平東路二段96巷,41.57834101,2.386309448,32.20%,和平東路二段,辛亥路
和平東路三段228巷,20.13290113,2.066362617,26.90%,和平東路,樂業街
和平東路三段A(一般),47.06547155,1.902491572,13.80%,基隆路,臥龍街
和平東路一段,51.75934959,1.350334682,15.80%,新生南路,金山南路
和平西路二段,114.1991525,1.678252201,14.10%,泉州街,中華路二段
和平西路二段104巷,6.089020772,1.049967554,9.90%,和平西路二段,三元街
和平西路三段,34.04484658,1.30932931,14.50%,南寧路,環河南路2段
和平西路一段,18.56359102,1.782711712,24.40%,南昌路一段,重慶南路三段
衡陽路（含機車）,17.52780083,1.092756025,18.00%,懷寧街,重慶南路
後港街134巷,27.32949309,2.304755171,27.50%,後港街,華齡街
湖口街,58.92413793,1.784541244,18.60%,愛國西路,南海路
葫蘆街,84.66666667,2.246523388,14.60%,延平北路5段,延平北路5段
華齡街（含185巷）,164.0728814,1.760177838,11.40%,大南路,前港街
華榮市場,127.9195402,1.737361709,24.30%,華榮市場周邊,華聲公園周邊
華亭街,32.77648579,1.922075972,16.80%,長安西路,南京西路
華中堤外平面場,191.6120092,0.403846888,1.60%,堤外,
懷寧街A,43.01204819,1.962643539,25.80%,忠孝西路,寶慶路
懷寧街B（含機車）,918.3046358,1,11.80%,忠孝西路,凱達格蘭大道
環河北路3段,86.88888889,2.262599469,6.80%,社中街,中 正路
環河北路堤外（3號水門堤外）小型車,1136.266417,2.627519406,2.20%,,
環河北路堤外（5號水門堤外）,101.3573298,1.821536999,6.90%,,
環河北路堤外（5號水門牆邊）,157.3458647,2.795924834,11.70%,,
環河南路堤外防汛道,222.5942529,0.378666584,1.60%,長順街,桂林路
環河南路二段A,138.1981672,1.74795298,13.90%,和平西路,西藏路
環河南路二段B,74.26008969,1.533138585,24.60%,西藏路,艋舺大道
環河南路二段C,7.160523187,1.736708523,27.00%,和平西路三段,廣州街
環河南路橋下A,498.7011494,2.379146919,10.90%,環河南路,桂林路246巷
環河南路橋下B,110.4298851,2.224421619,11.60%,內江街,成都路
環河南路橋下C,79.83333333,2.114771737,15.00%,峨嵋街,武昌街
環河南路三段,101.1793103,2.157474318,17.30%,艋舺大道,萬大路
環南市場甲-丁棟地下室,179.4527163,2.653970712,7.00%,,
環南市場內內環道路,106.367713,1.048533818,13.80%,,
環山路1段,156.8333333,2.083063914,13.90%,內湖路1段,環山路2段10巷
環山路2段,178.4235294,2.083168317,10.40%,環山路2段10巷,港墘路
環山路3段,95.84946237,2.282533793,7.40%,港墘路,內湖路2段179巷
磺港路,186.2714286,1,3.80%,光明路,公館路
磺溪街,46.28571429,1.756268302,23.90%,克強路,德行西路
惠安街,86.70344828,1.147325336,19.70%,忠義國小旁,
惠安街A,9.081272085,1.513996139,15.30%,汀洲路1段92巷,南海路
惠民街,67.41840607,2.148839988,23.40%,重陽路,南港路一段
基河路188巷,26.50697674,1.462355572,15.90%,基河路,士商路
基河路300巷,59.32596685,1.42655049,16.70%,基河路,士商路
基河路396巷,19.65745856,1.756983705,24.70%,基河路,士商路
基河路A,109.6764954,1.375540436,14.30%,中正路,通河街
基河路B含機車,392.8721528,1.007987597,5.30%,大南路,劍潭路
基河路C,22.4014733,1.683591885,16.60%,天文台,中正路
基湖路10巷,77.48212226,1.509706652,14.40%,基湖路,內湖路一段120巷
基湖路112巷,28.1314554,1.905775076,9.80%,基湖路,樂群二路266巷
基湖路120巷,38.92974239,1.588556898,9.40%,基湖路,樂群二路266巷
基湖路157巷,12.78873239,1.669102296,18.30%,基湖路145巷,基湖路151巷46弄
基湖路166巷,2.48441247,1.272077922,37.80%,基湖路,樂群二路266巷
基湖路35巷2弄,143.3659379,0.964129073,7.40%,基湖路35巷,瑞光路548巷
基湖路3巷,147.7586207,0.943252554,7.70%,基湖路,瑞光路513巷
基隆路三段155巷,113.0827586,1.985987125,14.20%,基隆路,芳蘭路
基隆路一段,2.116504854,1,5.00%,南京東路五段,八德路四段  
基隆路一段102巷,136.0586207,2.77146256,21.80%,基隆路一段,忠孝東路四段559巷
基隆路一段172巷,23.36781609,2.536803258,37.70%,基隆路一段,忠孝東路四段559巷
吉林路A,36.17957166,1.845346147,23.60%,南京東路,民生東路
吉林路B,30.85411765,1.921809663,22.40%,民生東路,民權東路
吉林路C,11.12583893,1.64540981,23.70%,南京東路,長安東路
吉林路D,15.25248344,1.800814949,23.60%,民權東路,民族東路
吉祥路,9.238410596,1.851865399,27.90%,南京東路五段,八德路四段  
濟南路二段,46.36693548,1.712516855,17.70%,杭州南路,新生南路
濟南路一段,182.7226667,1.441993255,13.80%,中山南路,杭州南路
嘉興街,11.66666667,2.940298507,21.60%,基隆路2段,樂業街
建國北路1段124巷,8.3,1.558227848,22.80%,伊通街,建國北路1段
建國北路1段138巷,22.6,2.025161754,19.20%,建國北路1段,伊通街
建國北路1段23巷,9.423963134,1.998495109,20.00%,建國北路1段,龍江路
建國北路1段33巷,35.08965517,1.919687472,21.30%,建國北路1段,龍江路
建國北路1段88巷,30.3,1.823303457,21.70%,建國北路1段,伊通街
建國北路1段92巷,60.68965517,1.658942096,16.00%,伊通街,建國北路1段
建國北路3段93巷5弄,29.40689655,1.298944727,17.20%,建國北路3段113巷,建國北路3段93巷
建國北路二段,50.10380267,1.306346746,11.60%,民權東路, 民生東路
建國北路二段A,23.18323747,1.734671126,20.40%,南京東路,民生東路
建國北路橋下A區,216.5979021,2.446856381,12.60%,長安東路二段,朱崙街
建國北路橋下B區,561.8402778,2.760727607,11.60%,朱崙街,南京東路二段
建國北路橋下C區,129.4444444,2.201587916,13.00%,南京東路二段,四平街口
建國北路橋下C區與D區間迴轉道,91.11111111,1.776585674,18.30%,,
建國北路橋下D區,111.6818182,2.129674439,13.10%,長春路,四平迴轉道口
建國北路橋下O區,278.7944251,2.476691978,10.30%,八德路二段,長安東路二段
建國北路三段,65.75792039,1.641009298,18.30%,民權東路,民族東路
建國北路三段113巷,34.31724138,1.096228606,18.20%,民權東路410巷2弄,民族東路
建國北路一段,2.197755961,1.179467966,16.70%,南京東路,長安東路
建國南路1段65巷,10,1.2,4.60%,安東街40巷,建國南路1段
建國南路二段,6.634146341,1.702326987,17.70%,信義路三段,和平東路二段
建國南路二段151巷,12.41440217,1.520939147,13.40%,建國南路二段,信義路三段134巷
建國南路高架橋下A段,430.4074074,2.282570283,15.20%,和平東路,瑞安街244巷
建國南路高架橋下B段,398.9462366,2.392696789,8.10%,建國南路二段151巷,建國南路二段79巷
建國南路高架橋下C段,156.5106383,3.158941845,14.00%,建國南路二段79巷,建國南路二段39巷
建國南路高架橋下D1段,167.9505814,2.27534708,14.40%,信義路,建國南路一段107巷
建國南路高架橋下D2段,230.3435294,2.667140072,14.00%,建國南路一段107巷,建國南路一段258巷
建國南路高架橋下D3段,141.4234043,2.77671309,20.40%,建國南路一段258巷,仁愛路
建國南路高架橋下D段,86.47928994,2.445075499,21.90%,建國南路二段39巷,信義路
建國南路高架橋下E段,297.1957295,3.528893066,7.50%,仁愛路,濟南路
建國南路高架橋下F段,127.183432,2.221573633,21.20%,濟南路,忠孝東路
建國南路一段(機車),76.75468165,0.747198642,2.70%,市民大道,忠孝東路
建國南路一段A,111.5842697,0.793831053,7.00%,寧馨公園,忠孝東路西側
建國南路一段B,25.42913386,1.096751177,9.20%,忠孝東路,信義路
健康路15巷,33.68045977,2.035271967,25.50%,敦化北路199巷,健康路
健康路325巷,23.63981588,2.114222845,15.80%,延壽街,健康路
健康路325巷19弄,19.93103448,2.009845702,19.70%,健康路325巷,延壽街72巷
健康路325巷5弄,19.92626728,2.478864642,23.50%,健康路325巷,延壽街72巷
健康路B,120.4692308,1.983575315,13.00%,寶清街,延壽街330巷
健康路C,33.11264368,2.001638747,19.10%,塔悠路,寶清街
健康路YA0,44.7452007,2.290629773,24.90%,光復北路,健康路15巷
健康路ZA0,47.20756303,2.045973976,25.90%,延壽街330巷,光復北路
劍潭堤外停車場,413.6505747,0.408952256,1.30%,通河街323巷底堤外,
劍潭路東側,75.84,2.112781955,18.50%,後港街,華齡街
教育大學大客車平面,99.21871049,1.235573477,2.20%,明水路,北安路
金湖臨時平面停車場,80.30344828,2.877045494,14.90%,,
金湖路,1.142857143,1,14.80%,成功路4段,成功路5段
金華街A,46.74680073,1.893113274,23.60%,羅斯福路,杭州南路
金華街B,100.3793103,1.737750727,20.00%,新生南路,金山南路
金龍路,134.2528736,1.855946399,14.20%,內湖路3段,成功路4段
金山南路二段,33.81132075,1.227804542,14.60%,信義路,和平東路
金山南路二段30巷,24.62619808,1.846360827,37.50%,金山南路二段,信義路二段44巷
金山南路一段,48.16211878,1.25909287,12.70%,濟南路,信義路
錦西街,70.00690714,1.628022367,17.60%,寧夏路,中山北路
錦西街38巷,44.23094688,1.7990193,18.70%,錦西街,萬全街
錦西街53巷,73.63370474,1.479335762,12.20%,民權西路,錦西街
錦州街A,10.13522538,2.023159675,44.30%,中山北路,新生北路
錦州街B,10.69354839,2.017098358,23.00%,吉林路,中原街
錦州街C,80.56153219,1.947752952,22.10%,民生東路2段147巷,民權東路三段60巷
經貿二路62巷,45.88167939,2.19656808,21.80%,三重路,研究院路1段
景福街,287.3164557,2.134300363,9.40%,羅斯福路5段,羅斯福路6段
景華街,171.1156463,1.843474724,13.10%,景興路,興隆路2段
景華街128巷,40.704,1.698927062,12.80%,景興街,景華街128巷3弄
景華街97巷,39.39058172,1.747486402,9.30%,景華街121巷7弄,景興街
景隆街,83.13043478,2.247930703,15.30%,景福街,興隆路2段
景文街,2.696969697,1.935304991,49.00%,羅斯福路6段,木柵路1段
景文平面廣場,79.05862069,1.775661594,20.30%,景文街90巷內,
景興路,193.4972618,1.703166414,12.80%,興隆路,木柵路
景興路282巷,11.16516129,1.585700905,29.30%,景興路,景後街
景興路46巷,32.33891753,2.02187522,14.30%,景興路,三福街4巷
敬業二路,62.55632184,1.56737602,38.20%,北安路,樂群二路
敬業二路69巷,39.91494253,1.53949214,22.90%,敬業一路,敬業二路
敬業三路177巷,19.30645161,2.180493984,25.70%,敬業三路,樂群二路116巷
敬業一路,236.0735632,1.581520973,13.60%,植福路,樂群二路
敬業一路128巷,70.60475162,1.468404442,17.50%,敬業一路,敬業二路
敬業一路36巷,60.85714286,1.806215934,7.40%,敬業一路,敬業二路
酒泉街,52.50809061,1.484544897,15.40%,迪化街,環河北路
酒泉街,52.50809061,1.484544897,15.40%,中山北路,玉門街
舊宗路1段150巷,128.2994924,1.391394695,11.30%,堤頂大道1段,舊宗路1段
舊宗路2段121巷,9.92481203,0.967091295,17.30%,瑞湖街,舊宗路2段
舊宗路2段135巷,98.34594595,1.110914644,4.70%,瑞湖街,舊宗路2段
舊宗路2段171巷,14.95006402,1.596075641,33.60%,瑞湖街,舊宗路2段
舊宗路2段181巷,76.70207852,1.076281384,19.90%,瑞湖街,舊宗路2段
舊宗路2段213巷,448.4827586,0.894313968,2.10%,港墘路221巷,舊宗路2段
舊宗路二段,105.060241,0.422018349,0.20%,舊宗路2段213巷,港漧路
莒光路299巷,39.26267281,2.408194081,17.50%,莒光路,西藏路
莒光路A,70.37182448,1.515311764,12.90%,西園路,萬大路
莒光路B,69.43633414,1.86919036,13.60%,萬大路,和平西路
開封街二段,308.1920694,1.156673947,8.80%,中華路,環河南路
開封街一段A（累進計時）,23.47065338,1.426607774,14.70%,博愛路,重慶南路
開封街一段B（含機車）,204.3347339,1,5.40%,館前路,博愛路
開封街一段C（含機車）,85.10558252,1.039834935,12.20%,博愛路,中華路一段
康定路,5.474978796,1.394353202,14.60%,成都路,環河南路
康寧路1段,101.7142857,1.986094462,12.10%,星雲街,金湖路
克強路,44.45287356,1.386596773,19.80%,中山北路六段,磺溪街
庫倫街,11.53398058,1.555657268,22.40%,承德路,玉門街
昆明街A,159.5797273,1.109489821,13.00%,忠孝西路,成都路
昆明街C,69.3692679,1.803565814,22.50%,內江街,和平西路
昆陽街,14.9047619,2.010606061,26.50%,昆陽街172巷,南港路3段
昆陽街157巷,21.75,2.190672154,25.50%,昆陽街,忠孝東路6段
蘭雅公園(至德行東路),34.25977011,1.750598483,25.50%,蘭雅公園週邊,德行東路
蘭雅公園(至忠誠路二段),46.33640553,1.75720499,22.90%,蘭雅公園週邊,忠誠路二段
蘭州街A,8.666666667,1.716216216,20.40%,民權西路,重慶北路2段
蘭州街B,14.66666667,1.618556701,14.90%,昌吉街,民權西路
樂利路,33.20813008,2.255094056,27.10%,安和路,基隆路
樂群二路,403.5703422,1.302412687,7.00%,明水路,堤頂大道西側
樂群二路265巷,97.99230769,2.053521662,8.00%,樂群二路,植福路286巷
樂群二路266巷,92.28275862,1.370451331,6.60%,樂群二路,樂群一路
樂群二路30巷,72.78341014,1.932680723,10.20%,樂群二路,樂群二路30巷82弄
樂群路2段116巷,20.00691244,1.632028112,4.70%,樂群二路,樂群二路30巷38弄
樂群平面停車場,241.7091932,1.443315637,22.00%,敬業四路,樂群三路
樂群平面停車場,241.7091932,1.443315637,22.00%,樂群三路敬業四路口,
樂群三路,258.3239437,1.41709601,8.80%,堤頂大道西側,明水路
樂業街,20.40819022,2.598788796,33.30%,基隆路,臥龍街
樂業街,20.40819022,2.598788796,33.30%,和平東路三段,基隆路二段
黎富公園周邊,3.749097473,2.399007255,37.80%,富陽街,和平東路3段341巷
立德路,104.5494253,2.461485993,28.30%,大度路三段,立德路底
立農街2段,30,1,5.60%,石牌路2段,東華街2段
麗山街,99.1475,1.910328695,20.10%,港墘路,內湖路二段103巷
麗山街37巷,55.40620783,2.116644687,18.60%,內湖路二段103巷,麗山街
涼州街A,28.97931034,1.527967028,18.00%,寧夏路,錦西街53巷
涼州街B,101.4218415,1.371882223,18.00%,重慶北路,迪化街
遼寧街116巷,2.875,3.08977222,42.80%,龍江路,遼寧街
遼寧街128巷,55.17241379,1.760253128,11.70%,遼寧街,龍江路
遼寧街A,51.24482759,1.995753715,16.20%,南京東路,民生東路
林口街,16.78135788,2.464966157,33.70%,忠孝東路五段,春光地下場
林森北路310巷,3.115207373,2.261660602,38.90%,中山北路2段59巷3弄,林森北路
林森北路A,29.67019544,1.863135425,23.80%,民權東路,民族東路
林森北路B,10.75555556,1.682391613,30.10%,民生東路,長安東路
林森北路C,31.29133858,2.118666248,19.60%,長安東路,北平東路
林森南路,114.2719168,1.854529996,18.30%,青島東路,仁愛路
林森南路61巷,50.99770115,1.116043568,13.10%,林森南路,紹興南街
林森南路8巷,4.009803922,1.849288169,47.20%,林森南路,鎮江街
臨沂街,21.08643617,1.732367298,21.90%,忠孝東路,濟南路
柳州街,24.03794466,1.851737053,23.60%,貴陽街二段,南寧路
龍江路120巷,2.452655889,2.535883281,46.60%,龍江路,長春路258巷
龍江路124巷,14.18937644,1.647752248,20.70%,龍江路,長春路258巷
龍江路132巷,16.57011494,1.503836078,17.20%,龍江路,建國北路2段
龍江路298巷,24.68965517,1.940770177,23.90%,龍江路,合江街
龍江路345巷,23.78422877,2.079339235,27.90%,龍江路,民權東路3段39巷
龍江路55巷,26.59310345,2.252261678,24.30%,長安東路2段153巷,遼寧街
龍江路A,37.08930818,1.663522649,17.40%,民權東路,民族東路
龍江路B,4.127208481,1.572371599,21.40%,南京東路,興安街
龍江路C,25.14085667,1.84725537,23.00%,八德路二段,南京東路
龍江路D,104.7403846,1.872324323,18.50%,民生東路,民權東路
羅斯福路四段90巷,15.2764977,1.009141846,12.90%,汀洲路三段,羅斯福路四段
洛陽街,71.13297084,1.152889489,11.80%,中華路,西寧南路
美德街平面,23.35837438,1.842694592,26.80%,前街,美德街交叉口
美堤河濱公園,482.8058076,0.352171217,1.00%,大直橋下,樂群一路
美堤河濱公園,482.8058076,0.352171217,1.00%,大直橋下,樂群一路
艋舺大道,125.2347611,1.808395649,13.10%,和平西路三段,西藏路
民樂街A,18.86206897,0.739464167,15.30%,歸綏街,民生西路
民樂街B,42.14252874,1.496395019,25.70%,民生西路,南京西路
民權東路2段113巷,7.264367816,0.991736499,20.70%,松江路357巷,民權東路2段
民權東路6段21巷,141.3908046,2.074865933,12.00%,瑞光路76巷,民權東路6段
民權東路6段56巷,19.48165138,2.628304734,34.60%,民權東路6段,行忠路
民權東路二段A,15.68331143,1.25509146,19.50%,吉林路,松江路
民權東路二段B,6.583908046,1.063881778,24.60%,松江路,建國北路
民權東路二段C,6.72540633,1.351830499,29.80%,松江路,建國北路
民權東路六段,57.68402154,1.321988796,14.70%,中山高速公路,康寧路3段
民權東路六段,57.68402154,1.321988796,14.70%,舊宗路,中山高速公路
民權東路六段,57.68402154,1.321988796,16.80%,中山高速公路,康寧路3段
民權東路六段,57.68402154,1.321988796,16.80%,舊宗路,中山高速公路
民權東路六段15巷,166.2367816,1.399586872,13.70%,民權東路六段,瑞湖街
民權東路六段19巷,540.2324324,1.802731411,5.30%,民權東路六段,民權東路六段15巷
民權東路三段,56.22828428,1.446128182,13.20%,建國北路,復興北路
民權東路三段39巷,124.2252874,1.97014218,17.30%,民權東路三段,復興北路488巷
民權東路三段A,20.5954023,1.410002918,21.60%,建國北路,復興北路
民權東路四段A,77.49590643,2.416530752,8.70%,新中街,敦化北路
民權東路四段B,105.0314465,1.642051486,5.70%,三民路,新中街
民權東路五段,46.76706231,0.893926838,5.50%,撫遠街,三民路
民權西路,2.949494949,0.78,16.70%,中山北路3段,環河北路2段
民權西路102巷,53.5258216,1.604268403,14.60%,民權西路,錦西街
民權西路144巷19弄,6.142175573,1.829680777,35.50%,民權西路144巷,承德路2段
民善街,150.2275862,2.113031968,20.20%,民權東路6段,行善路
民生東路5段137巷,40.5,4.155339806,66.00%,富錦街,民生東路5段
民生東路5段137巷6弄,51,5.227848101,50.60%,三民路,民生東路5段137巷
民生東路5段69巷1弄,12,5.772727273,66.10%,民生東路5段69巷,民生東路5段27巷
民生東路5段69巷21弄,24,6.148148148,43.20%,民生東路5段69巷,民生東路5段27巷
民生東路5段69巷2弄,63,6.164948454,59.30%,新中街,民生東路5段69巷
民生東路5段69巷3弄,9,6.380952381,93.10%,民生東路5段69巷,民生東路5段27巷
民生東路5段69巷4弄,32,5.9375,92.80%,新中街,民生東路5段69巷
民生東路二段,45.28550725,1.388907361,15.90%,松江路,建國北路
民生東路二段A,19.01485608,1.458959147,23.70%,吉林路,松江路
民生東路二段B,18.74352548,1.664148022,21.40%,新生北路,吉林路
民生東路三段,154.5846373,1.350398721,12.00%,建國北路,敦化北路
民生東路四段131巷,32.98275862,2.693320488,36.50%,民權東路四段,民生東路四段
民生東路四段80巷,3.016509434,1.899349497,48.30%,民生東路四段,敦化北路199巷
民生東路四段97巷,3.292824074,2.584447373,37.10%,富錦街,民生東路四段
民生東路五段,111.1928105,1.242932879,11.10%,撫遠街,民生東路五段137巷
民生東路五段27巷,82.6137931,2.113595821,23.10%,富錦街,民生東路五段
民生東路五段27巷9弄,54.37096774,2.535736397,19.50%,民生東路五段27巷,光復北路
民生東路五段36巷,30.32743363,1.953678595,16.40%,民生東路五段,延壽街
民生東路五段69巷,24.07126437,2.017049106,19.60%,富錦街,民生東路五段
民生東路一段,27.96732026,1.730115148,22.70%,中山北路,新生北路
民生西路,72.27170418,1.219193046,14.40%,延平北路,承德路
民生西路423巷,8.979310345,0.617596517,17.30%,環河北路一段,民生西路
民生西路A,17.08741259,1.022951865,10.50%,承德路,中山北路
民族東路,58.30612245,2.356626506,12.80%,復興北路,民權東路3段
民族東路410巷2弄,2.76626506,1.012507445,27.80%,建國北路三段113巷,民族東路410巷
民族東路512巷,1.032432432,2.30952381,47.60%,民族東路,復興北路514巷
民族東路A,128,2.0283273,10.80%,龍江路 ,復興北路
民族東路B,31.33103448,2.603795725,23.40%,吉林路,新生北路三段
民族東路C,56.6967632,1.328697105,10.20%,建國北路,龍江路
民族西路,122.679275,1.248000059,13.70%,承德路,環河北路
明德路,148.8275862,1.65452619,14.50%,振興街,振華街
明德路337巷,112.7244898,1.514862334,15.40%,石牌路,明德路
明水路,474.9787234,1.47114162,9.60%,北安路,大直橋下
明水路494巷,9.569411765,1.705741627,17.50%,明水路,樂群二路30巷
明水路581巷,55.52488688,1.348881653,11.90%,北安路554巷八弄,明水路
明水路606巷,10.03016241,1.334446565,37.00%,明水路,敬業一路
明水路672巷,17.42544732,1.425435047,23.00%,明水路,敬業一路
木柵路二段,39.35388128,1.436584535,13.80%,木柵路2段2巷,秀明路1段
木柵路五段,13.07784431,0.26343679,1.60%,大車,
木柵路一段,93.22330097,1.493972911,23.50%,景美溪橋,木柵路2段2巷
木柵新光河川平面場,1263.665403,1.788307679,6.40%,,
木新路1段,78.36781609,1.454794158,15.10%,萬壽橋,指南路1段
木新路2段,168.0642616,1.393845471,12.10%,指南路1段,寶儀路
南昌路2段(A),2.593582888,1,22.90%,和平西路1段,羅斯福路3段
南昌路2段(B),14.97422127,1.846723685,24.60%,同安街,羅斯福路3段
南昌路二段,6.25466893,1.324974925,29.10%,福州街,和平西路一段
南昌路一段,63.43555901,1.589343133,24.30%,愛國西路,福州街
南港路3段,73.88,2.063950942,15.90%,昆陽街,中坡北路
南港路一段,80.52058111,1.505983639,18.00%,研究院路一段,興中路
南港路一段277巷,31.08986175,2.180336333,16.90%,南港路一段,南港路一段287巷4弄
南港路一段287巷2弄,14.03472222,2.395347227,21.90%,南港路一段277巷,南港路一段309巷
南海路A,13.19320215,1.677062238,31.60%,羅斯福路,和平西路二段
南海路B,15.23414634,1.787614714,23.20%,和平西路二段,中華路二段
南京東路3段89巷5弄,4.420689655,1.957559073,34.10%,龍江街,長春路258巷
南京東路3段及長春路,15.08735632,1.586607539,21.00%,建國北路2段,長春路
南京東路4段120巷,5.555555556,3.924418605,51.90%,南京東路4段,寧安街9巷
南京東路6段東側,467.7619048,2.573089998,9.20%,潭美街,成功路2段
南京東路6段西側,144.8777778,2.364857881,4.40%,潭美街,成功路2段
南京東路三段338巷,24.1872705,2.032791847,31.40%,南京東路,敦化北路4巷
南京東路五段66巷,2.845878136,2.152002338,47.50%,南京東路五段,八德路四段  
南京東路五段66巷22弄,21.69310345,2.133329233,28.30%,光復北路11巷,八德路四段  
南京西路302巷,27.33563218,2.147970884,22.60%,南京西路302巷,天水路
南京西路344巷,10.55684455,2.134536505,28.60%,天水路,延平北路1段
南京西路A,5.384422111,1.184793204,22.10%,重慶北路,延平北路
南京西路B,75.68796069,1.185432701,17.10%,延平北路,環河北路
南寧路,11.80138768,1.805480712,28.80%,廣州街,和平西路
南陽街（含機車）,164.6691176,1,16.60%,忠孝西路,襄陽路
南陽街無名巷（機車計次）,46.68045977,1,13.10%,南陽街54號-50號,
內湖路2段,174.1058824,2.268407311,14.70%,內湖路2段103巷,金龍路
內湖路2段179巷,27.04761905,2.364425163,12.00%,環山路3段,內湖路2段179巷48弄
內湖路3段,2.514285714,2.313043478,37.80%,內湖路3段326巷,金龍路
內湖路二段,22.07261146,2.102800954,22.60%,內湖路二段54號,文德路
內湖路二段103巷,53.45945946,2.020416987,26.60%,內湖路二段,內湖路二段103巷38號
內湖路一段120巷及15弄,66.4954023,1.177609562,9.60%,內湖路一段,堤頂大道二段
內湖路一段288巷,65.32068966,1.036435512,4.80%,內湖路一段,洲子街
內湖路一段32巷,36.38518519,1.64611103,14.30%,植福路,內湖路一段
內湖路一段518巷,82.10114943,1.138906113,9.20%,內湖路一段,瑞光街
內湖路一段737巷51弄,7.713498623,1.671986904,36.50%,麗山街,內湖路一段737巷41弄
內江街,59.01772764,1.940563398,21.10%,西寧南路,環河南路
寧安街,10.36111111,3.375,35.60%,南京東路4段,八德路3段
寧波東街,11.34621993,1.865275142,32.60%,愛國東路,羅斯福路
寧波西街,14.52413793,1.83138899,19.90%,和平西路2段,紹安街
寧波西街A,7.843678161,1.601345154,19.20%,紹安街,水源路
寧波西街Y00,111.9363242,1.976859216,14.70%,重慶南路三段,和平西路二段
寧波西街Z00,57.5677686,1.605838021,24.10%,羅斯福路,重慶南路三段
寧夏路A,16.34565916,1.374109744,20.90%,保安街,涼州街
寧夏路B,25.83788122,1.473898908,18.70%,錦西街,南京西路
農安街,151.552589,1.688007914,18.30%,中山北路三段,建國北路
平陽街,50.01034483,2.051133905,23.20%,承德路,寧夏路
前港街,91.38390805,1.782320046,19.50%,承德路四段,福港街
青島東路,172.4630091,1.80223499,21.70%,中山南路,杭州南路
青島西路（含機車）,172.5228216,1,11.80%,中山南路,公園路
青年路,186.4931034,1.843152676,16.10%,國興路,水源路
青年路68巷,30.37011494,2.192373824,20.50%,萬青街,青年路
慶城街,43.55180534,2.27002215,23.60%,南京東路,民生東路
泉州街A(含6巷),176.0298851,1.945556293,20.10%,南海路,和平西路二段
泉州街B,30.53454894,1.599573467,17.10%,汀州路,中華路二段
仁愛路二段,86.80084746,1.375943415,10.20%,杭州南路,新生南路
仁愛路三段A,48.7373494,1.383443032,11.00%,新生南路,建國南路
仁愛路三段B,43.70710572,1.628000181,17.90%,建國南路,復興南路
仁愛路四段222巷,61.51724138,1.875418547,24.10%,仁愛路4段,仁愛路4段222巷
仁愛路四段452巷,43.50906736,1.750814815,19.80%,仁愛路4段,光復南路421巷
仁愛路四段A,7.754575707,1.606910366,26.50%,光復南路,延吉街
仁愛路四段B,4.794486216,1.524171123,28.70%,延吉街,仁愛路四段266巷
仁愛路四段C,1.086419753,1,18.60%,復興南路一段,敦化南路一段
仁愛路一段,96.6044712,1.389954266,8.40%,中山南路,杭州南路
瑞安街,47.91264368,1.831161848,23.60%,復興南路,復興南路148巷
瑞安街208巷11弄及24弄,66.62355658,1.82011236,18.70%,信義路三段134巷,瑞安街
瑞安街81巷,8.911290323,1.966004652,31.60%,瑞安街,和平東路2段175巷
瑞光路112巷,9.11136891,1.691823019,38.50%,瑞光路66巷,瑞光路
瑞光路122巷41弄及42弄,5.680412371,1.990622656,24.10%,瑞光路132巷,瑞光路112巷
瑞光路132巷,171.2781609,2.99284141,18.20%,瑞光路,瑞光路112巷
瑞光路188巷,57.01382488,0.987154847,7.80%,瑞光路,瑞湖街
瑞光路258巷,81.55172414,1.269148175,9.10%,瑞光路,港墘路221巷
瑞光路26巷20弄及36弄,30.14942529,1.961442692,24.80%,瑞光路66巷,瑞光路26巷
瑞光路316巷,56.73556582,1.469698334,12.50%,瑞光路,堤頂大道
瑞光路358巷30、36、38弄,103.4847826,1.221772167,10.90%,瑞光路358巷,
瑞光路478巷18弄,73.38390805,0.931676902,9.70%,瑞光路478巷,瑞光路548巷
瑞光路513巷22弄,294.1747126,0.858596394,10.90%,瑞光路513巷,瑞光路583巷
瑞光路66巷,33.73103448,1.917180053,28.10%,瑞光路76巷,瑞光路
瑞光路76巷,44.69655172,1.658912123,23.80%,民權東路六段21巷,瑞光路
瑞光路76巷A,15.5218509,1.371214863,23.50%,民權東路六段21巷,瑞光路
瑞光市場平面停車場,122.4931034,2.163161989,22.50%,瑞光路,陽光街交會口
瑞湖街,78.88965517,0.984305046,7.10%,瑞光路,陽光街
瑞湖街178巷,58.69620253,1.073353842,14.40%,瑞湖街,舊宗路2段171巷
三福街4巷,29.44827586,1.884485031,19.50%,景興路42巷,景興路46巷
三合街1段,60.67647059,1,4.80%,公館路,磺港路
三合街2段,60.75,1,5.00%,磺港路,大業路
三腳渡平面廣場,175.6793541,0.387581407,1.80%,,
三民路,28.42758621,1.610587333,22.20%,三民路155巷,民生東路五段
三民路101巷,123,5.970873786,31.20%,三民路,民生東路5段138巷
三民路101巷,123,5.970873786,31.20%,三民路,民生東路五段138巷
三民路155巷,74,6.010989011,46.20%,三民路,富錦街429巷
三民路155巷,74,6.010989011,46.20%,三民路,富錦街429巷
三民路167巷,110,6.099009901,35.00%,三民路,富錦街429巷
三民路167巷,110,6.099009901,35.00%,三民路,富錦街429巷
三民路35巷,15.67356322,1.989512647,23.70%,三民路,健康路225巷
三民路62巷,81.62211982,2.637621876,16.60%,延壽街72巷,三民路
三民路68巷,24.02090592,2.404854001,19.20%,延壽街72巷,三民路
三民路74巷,7.296296296,2.15461624,14.20%,延壽街72巷,三民路
三元街,127.4084291,1.566432451,13.30%,泉州街,汀州路
三重路,22.42185515,1.725008628,13.10%,南湖大橋,南港路一段
廈門街113巷,38.86308973,2.259032355,28.10%,廈門街,同安街
紹興北街,1.227210884,1.671649485,27.70%,北平東路,忠孝東路
紹興南街,145.9779209,1.51015738,9.90%,忠孝東路,仁愛路
紹興南街A,27.94289044,1.537576972,19.90%,信義路1段,仁愛路
社中街,39,1.355769231,10.00%,延平北路6段,延平北路6段
社子公園周邊,50.46,2.287802419,11.20%,社子公園周邊,社子公園周邊
社子街,10,1.746666667,18.20%,延平北路6段,延平北路6段
師大路,13.31707317,1.86653185,21.10%,汀州路,羅斯福路
師大路A,20.07929515,0.817823908,2.10%,汀州路,水源路
師大路C,6.143187067,2.373343431,36.30%,和平東路,羅斯福路
士東路,162.4793103,1.512857088,14.00%,忠誠路2段,東山路
士東路200巷,20.43610785,1.280101248,16.00%,士東路,德行東路
士東路A,103.9728682,1.259994116,18.00%,中山北路六段,忠誠路2段
士林市場西側機車,65.09363296,1,4.70%,大南路,基河路
士商路A,72.03065134,1.423440149,12.00%,中正路,大南路
士商路B,94.67403315,1.97653046,16.10%,承德路五段,中正路
士商路C大車,22.90502793,1.248644591,8.70%,承德路五段,中正路
市民大道3段南側-機車,243.5439252,0.808996153,14.90%,八德路,金山北路
市民大道七段A,27.22978723,2.675819033,15.50%,向陽路,中坡北路
市民大道五段,5.710808179,1.982460474,31.60%,東興路,東寧路
市民大道一段,419.4654655,1,2.50%,承德路,中山北路
市民大道一段北側,248,1,11.60%,延平北路,承德路
雙城街,11.8858075,1.749080721,26.40%,農安街,雙城公園
雙和街,46.08,2.298129149,20.70%,中華路2段364巷17弄,中華路2段416巷66弄
雙全街,52.92592593,0.993785311,5.10%,中和街,大業路
雙溪公園平面,8.474074074,1,8.40%,福林路254巷,雙溪公園對面
雙溪街,410.7906977,0.999767928,3.00%,文林路,至誠路1段
雙園街89巷,18.48275862,1.587880008,12.30%,雙園街,環河南路175巷
水快橋下,277.2781609,0.377553227,1.60%,汀州路51號,137號
水源路A,168.0896552,2.005610587,10.80%,中華路二段,富民街155巷
水源路B,5.469150175,2.093081761,26.60%,151-169號,
思源街,33.9862069,1.884045776,18.90%,汀州路,永福橋
四平街,38.0137931,1.783602662,18.90%,建國北路,吉林路
四平街,38.0137931,1.783602662,18.90%,伊通街,吉林路
四維路,32.23914894,2.111674921,31.80%,平面停車場,
松德路,117.6785137,2.017115584,20.60%,松山路,松德路底
松德路168巷,41.13448276,2.266295233,26.10%,松德路,忠孝東路5段236巷
松德路180巷,8.617241379,2.30132647,35.80%,松德路168巷,松德路200巷
松高路20巷,668,1,12.60%,松高路,松壽路
松河街,126.3717949,1.09095192,5.30%,園區街口,興中路
松河街,126.3717949,1.09095192,5.30%,塔悠路,興中路
松江路,155.7103448,2.198363893,7.20%,濱江街,民族東路
松江路188巷(中吉公園周邊),2.983908046,1.936698271,41.20%,,
松江路25巷,38.51230769,2.046007447,29.60%,伊通街,松江路
松江路357巷,15.9954023,1.070845717,21.90%,民權東路2段135巷,松江路
松江路469巷,3.112643678,1.73518022,33.10%,松江路,民權東路2段135巷
松江路84巷,30.12873563,1.77551744,23.50%,松江路90巷6弄,松江路
松江路85巷,17.34137931,1.856328905,31.60%,伊通（街）公園,松江路
松江路90巷,34.98390805,1.566581144,21.90%,松江路,吉林路
松江路A,28.2660903,1.494640087,16.90%,民權東路,民族東路
松江路B,1.984827586,1.107817869,16.30%,民權東路,民生東路
松江路C,8.466292135,0.843467589,7.70%,南京東路,民生東路
松江路D,2.694954128,0.92648185,19.80%,松江路84巷,長安東路
松江路E,1.115384615,0.575063613,6.00%,長安東路2段,渭水路
松隆路A,95.9328594,1.92496013,14.40%,中坡北路,永吉路
松隆路B,31.41282895,1.945323419,21.00%,永吉路,基隆路一段
松隆路C,3.265306122,2.436708861,30.10%,永吉路127巷,松隆路
松平路50巷,13.23793103,2.428305558,31.20%,松平路,莊敬路325巷45弄
松勤街140巷,6.675925926,2.345699831,24.10%,信義路5段150巷,松勤街
松仁路,62.81168831,1.586895285,14.70%,信義路5段,莊敬路
松山路,55.10678808,1.7267563,19.20%,松隆路,忠孝東路五段
松山路B,2.375,1.585205479,37.80%,忠孝東路五段,松德路
松壽廣場北側巷,113.6059908,1,13.80%,新光三越,松智路
松壽廣場南側停放區,88.75,1,11.40%,新光三越,松智路
松信路,104.7246964,1.862035089,20.00%,八德路四段  ,忠孝東路五段
松勇路,43.94942529,2.471619366,19.10%,松高路,信義路五段
松勇路53巷,17.42988506,2.480018311,27.50%,信義路五段91巷15弄,松勇路
松智路32巷,16.81609195,2.125,20.50%,松平路50巷,松智路
松智路32巷8弄,28.3862069,2.100364133,18.70%,松智路32巷,莊敬路325巷45弄
塔城街,29.82482599,1.48420495,18.40%,鄭州路,南京西路
塔悠路,210.1845426,2.304973254,8.10%,撫遠街403巷,健康路
太原路,55.76102646,1.415698998,19.90%,民生西路,南京西路
太原路A,36.02109375,1.819936212,21.30%,民生西路,南京西路
泰安街,7.764705882,3.624413146,45.00%,濟南路2段,杭州南路1段71巷
潭美街A,609.5,2.411824773,4.80%,堤頂大道,安美街
潭美街B,27.42857143,3.015730337,14.60%,南京東路6段,潭美街
桃源街（累進計時）,48.03452244,1.662110453,28.00%,寶慶路,延平南路129巷
天津街A,35.54292624,1.840510447,19.20%,南京東路,長安東路
天津街B,45.0575,2.341678312,34.30%,市民大道,忠孝東路
天津街C,24.90344828,2.030544222,25.10%,長安東路,市民大道
天母北路,47.76515152,1.493926591,16.30%,石牌路2段,天母西路
天母東路,99.39888889,1.515838248,17.60%,中山北路六段,東山路
天母東路,99.39888889,1.515838248,17.60%,中山北路六段,東山路
天母西路,18.89041096,1.311069594,22.60%,石牌路2段,中山北路6段
天母西路130巷,21.79245283,1.797863089,19.90%,石牌路,振興街
天母西路38巷,24.80566281,1.273848742,26.90%,天母西路,中山北路六段441巷
天水路,30.68086817,1.813878429,21.60%,延平北路,重慶北路
天祥路,30.52733119,1.855496745,20.90%,錦西街,撫順街
天玉街,132.0422535,1.793159316,11.80%,中山北路7段181巷,天母北路
天玉街38巷,37.04041721,1.553856332,26.90%,天玉街,天玉街38巷18弄
汀州路二段Y00,27.52238806,1.157482945,15.00%,泉州街,重慶南路二段
汀州路二段Z00,7.176573427,1.521955177,22.90%,重慶南路二段,同安街
汀州路三段,5.075039494,1.375722543,22.80%,辛亥路,基隆路
汀州路三段104巷,12.31724138,2.109963346,27.30%,汀州路三段,汀州路三段200巷
汀州路四段,150.7885057,1.971370365,13.80%,溪州街,基隆路
汀州路四段23巷,3.14987715,2.358444714,37.90%,汀州路四段,羅斯福路
汀州路一段A,36.34996163,1.496835805,17.30%,三元街,泉州街
汀州路一段B,36.89866157,1.851632471,16.80%,中華路,莒光路
汀洲路二段,4.354453627,2.045023412,44.90%,同安街,師大路
通河東街1段,218.1666667,1,4.50%,中正街,通河街179巷
通河東街2段,225.3333333,1,4.50%,承德路5段,中正路
通河西街1段,142.0034522,0.752961825,3.30%,中正路,中山高速公路橋下
通河西街1段,142.0034522,0.752961825,3.30%,中正路,中山高速公路橋下
通河西街2段,372.5206897,0.794215067,2.50%,延平北路6段,中正路
通河西街2段,372.5206897,0.794215067,2.50%,延平北路6段,中正路
通河西街一段堤外平面停車場,39.8040201,0.616314423,4.40%,,
通化街,13.037751,2.282575217,28.80%,信義路4段,樂利路
同德路,40.78014184,1.341490545,18.40%,玉成街,東新街80巷
銅山街,2.941176471,2.890243902,36.50%,杭州南路1段,臨沂街
萬大路,179.2781609,1.466667721,14.90%,莒光路,華中橋
萬大路277巷33弄,20.52,1.941588785,10.10%,中華路2段416巷,萬大路277巷
萬大路344巷,60.48735632,2.432222222,19.80%,萬大路,東園街
萬大路423巷,11.71299094,1.394304367,12.30%,萬大路,青年路
萬大平面廣場,162.0321839,2.423805206,16.10%,,
萬芳八號公園,120.22,1,2.30%,,
萬華火車站前廣場,47.07068366,1.788885268,22.00%,康定路上,
萬華火車站週邊,56.58505747,1.711208504,18.60%,西園路一段,康定路
萬美街1段,84.59541985,1.879093199,7.60%,萬寧街,和平東路4段
萬青街,1.200980392,1.853875476,33.10%,青年路68巷,萬大路423巷
萬慶平面廣場,27.09290954,2.078323301,16.20%,萬慶街48號對面廣場,
萬全街,10,1.3,10.80%,寧夏路,承德路2段
渭水路,13.32528736,1.747767294,23.00%,松江路,八德路
渭水路3巷,33.74022989,2.282448807,22.60%,渭水路,松江路25巷
文昌街,8.834196891,1,7.60%,敦化南路2段,基隆路2段
文昌路,27.37438424,1.565683882,26.70%,文昌橋,中正路
文德路,7.96875,1.596982759,24.20%,江南街,成功路3段
文德路101巷,2.991869919,2.003858875,36.60%,文德路,內湖路2段
文湖街,106.5119048,2.023144997,20.80%,內湖路一段,環山路一段
文化三路,25.29166667,1,8.50%,杏林一 路,中央北路2段
文林北路,91.70694319,0.376568262,2.20%,石牌橋,承德路6段
文林路,20.59933222,0.300822973,1.70%,石牌橋,士林橋
文林路A含機車,212.5352304,1,9.30%,小北街,基河路
文林路B,56.43095238,1.626321595,15.60%,士林橋,小北街
臥龍街,80.62392241,2.502956401,27.30%,和平東路3段406巷,和平東路3段531巷
臥龍街,80.62392241,2.502956401,27.30%,基隆路,富陽街
臥龍街,80.62392241,2.502956401,37.50%,和平東路3段406巷,和平東路3段531巷
臥龍街,80.62392241,2.502956401,37.50%,基隆路,富陽街
臥龍街272巷,17,2.160287081,20.50%,富陽街,臥龍街
吳興街,16.716916,2.498868961,26.60%,松仁路,吳興街600巷
吳興街220巷,61.58356164,1.928301998,10.40%,吳興街284巷,信安街103巷
吳興街600巷平面,27.00232019,3.089988044,26.40%,,
五常公園周邊,52.13793103,2.408471786,17.70%,五常公園東側,五常公園南側
五常街,94.89203085,1.832618376,20.30%,建國北路三段,民權東路三段39巷
五常街53巷,26.36781609,1.668759004,17.70%,五常街,民族東路
五分街,3.523809524,1.882352941,40.50%,康寧路3段,東湖路160巷
五原路,8.058252427,1.052142643,22.00%,太原路,承德路
武昌街一段A（累進計時）,8.646298472,1.195857951,32.00%,延平南路,重慶南路
武昌街一段B（含機車）,224.4369501,1,8.30%,懷寧街,博愛路
武昌街一段C（含機車）,216.5733042,1,8.00%,博愛路,中華路一段
西藏路125巷,74.04984177,2.268086241,13.20%,西藏路,青年路
西藏路199巷,82.24137931,2.291037492,13.90%,西藏路,民和街
西藏路A,133.2751678,1.151279515,10.00%,環河南路,艋舺大道
西藏路B,91.99885057,1.563069909,14.80%,萬大路,寶興街
西藏路C,100.0405933,1.518823401,13.60%,汀州路,萬大路
西昌街,57.05592105,1.799188332,17.00%,內江街,桂林路
西寧北路Y00,92.40217391,1.610642245,18.30%,民生西路,鄭州路
西寧北路Z00,34.60295567,1.406135251,11.60%,鄭州路,忠孝西路
西寧南路A,217.229736,1.131926424,13.00%,忠孝西路,成都路
西寧南路B,66.46350932,2.289729557,18.90%,內江街,桂林路
西園路二段,43.28045977,1.742022433,20.00%,莒光路,寶興街
西園路二段(仁濟公園周邊),5.013986014,1.53357438,17.30%,,
西園路一段,54.98133333,1.703605759,18.50%,和平西路三段,西園路一段282巷
西園路一段,54.98133333,1.703605759,18.50%,內江街,和平西路
仙岩路,89.6,1.668991572,16.00%,景華街,興隆路2段154巷
仙岩路,89.6,1.668991572,16.00%,興隆路2段154巷,仙岩路58巷口
襄陽路,32,1,14.00%,重慶南路,公園路
向陽路,8.325102881,1.681838171,23.60%,忠孝東路7段,南港路2段
向陽路(圓環周邊),24.6045977,2.220537262,18.00%,,
向陽路162巷,33.05,2.122800718,16.80%,重陽路187巷,重陽路57巷
小北街,27.63218391,1.868403766,26.60%,文林路,大東路
辛亥路7段,41.36,1.815724816,8.90%,木柵路1段,木新路3段
辛亥路二段A,41.83563218,1.697970749,20.40%,新生南路三段,建國南路
辛亥路二段B,26.26180945,2.391207391,34.30%,建國南路,復興南路
辛亥路三段157巷,34.74137931,2.040357789,23.80%,辛亥路三段,臥龍街
辛亥路一段,94.66854839,1.795389194,18.70%,汀州路,新生南路三段
辛亥橋下,146.6091954,2.339394788,13.50%,新生南路,溫州街
新東街,80.56017192,1.497426222,10.00%,富錦街,延壽街
新光路1段,24.3,1.539732994,49.80%,新光路2段,指南路2段
新光路二段A,27.64904863,0.24546808,7.10%,大車,
新光路二段B,24.19859579,1.345850005,13.60%,小車,
新光路二段C,633.4771242,0.36262026,2.60%,機車,
新湖1路128巷,111.3632184,1.160297682,12.20%,新湖2路,新湖1路
新湖1路36巷,32.98648649,2.280259886,29.10%,新湖2路,新湖1路
新湖1路A,212.8695652,1.657792776,11.30%,堤頂大道1段,舊宗路1段
新湖1路B,333.4782609,1.594248094,5.00%,舊宗路1段,新湖2路
新湖2路A,148.2758621,1.313129357,9.90%,堤頂大道1段,舊宗路1段
新湖2路B,186.4347826,1.523472747,12.10%,舊宗路1段,行善路
新湖二路,427.0218579,1.742766883,12.50%,舊宗路1段,堤頂大道1段
新湖二路146巷,35.51034483,1.679298699,27.40%,新湖三路,行愛路
新湖二路191巷,34.28735632,2.415829569,40.00%,新湖二路,新湖一路
新湖二路250巷,23.24137931,2.51342111,42.70%,新湖二路,新湖三路
新湖二路282巷,48.50236967,1.695390782,3.10%,新湖二路,新湖三路
新湖二路295巷,22.79577465,1.604997244,11.20%,新湖二路,新湖一路
新湖三路,437.7862069,1.621198883,7.40%,舊宗路,新湖二路
新湖三路219巷(無名巷三),36.73563218,2.87727329,36.40%,新湖三路,新湖二路
新湖一路,695.0601093,1.903908707,8.70%,堤頂大道1段,舊宗路1段
新湖一路339巷,23.34196891,1.857257097,17.20%,新湖一路,行善路
新湖一路358巷及27弄,31.14712644,1.922005067,26.10%,新湖一路,新湖三路
新民街,12.90789474,1.815004787,18.90%,三重路,惠民街
新明路,135.7852349,1.924223602,17.20%,新明路298巷,成功路2段
新生北路1段兩側,97.63364486,0.807395163,9.90%,市民大道,八德路
新生北路二段28巷,8.021216407,1.643592729,24.90%,林森北路,新生北路
新生北路橋下外圍,228.0521327,1.915005513,12.10%,南京東路,民生東路
新生北路三段,82.01149425,1.955294632,9.40%,民族東路,濱江街
新生北路三段Y00,19.35416667,1.733139144,11.60%,濱江街,中山北路
新生北路三段Z00,1.219373219,1.94079556,37.70%,農安街,德惠街
新生北路一段,23.66204986,1.341062176,17.30%,長安東路,松江路
新生北橋側,141.2981607,2.087421105,20.90%, 民權東路,民生東路
新生北橋下A(六),406.1772908,2.095893812,8.50%,南京東路,長安東路
新生北橋下A(七),171.4133466,1.998931031,13.00%,長安東路,新生廣場
新生北橋下B(四),103.6513944,2.199678554,9.00%,民生東路,長春路
新生北橋下B(五),54.26992032,2.118141933,14.30%,長春路,南京東路
新生北橋下C(二),79.28784861,2.40094064,14.10%,民權東路,錦州街
新生北橋下C(三),54.10956175,2.227353284,16.80%,錦州街,民生東路
新生北橋下D(一),457.186255,2.245979205,12.00%,民族東路,民權東路
新生廣場A,78.3247012,1.592759512,14.70%,新生北路口,松江路
新生南路三段,13.42600513,1.270421474,34.90%,和平東路,羅斯福路
新生南路一段,83.1423221,0.802279299,12.00%,八德路,忠孝東路
新行一機車平面停車場,196.25,0.494169096,1.00%,,
新中街,96.29827586,1.578216494,12.00%,新中街52巷,延壽街
新中街52巷,44,5.491525424,46.00%,富錦街429巷,新中街
新中街52巷,44,5.491525424,46.00%,富錦街429巷,新中街
信安街,84.12059065,2.404701909,22.60%,吳興街156巷,和平東路3段
信陽街（機車計次）,174,1,14.60%,公園路,館前路
信義路二段,38.6645768,1.322149219,22.90%,杭州南路,新生南路
信義路二段44巷,7.38253012,1.56391373,22.70%,信義路,金山南路二段30巷
信義路四段186巷,40.6045977,2.250552556,27.10%,信義路四段,敦化南路二段63巷
信義路四段199巷,19.28735632,2.087463,32.60%,信義路四段,敦化南路一段295巷
信義路五段150巷,87.51724138,2.279279975,19.40%,松勤街,信義路五段150巷14弄
信義路五段150巷401弄,124.0038388,2.875920263,19.70%,信義路五段,信義路五段150巷401弄
信義路五段150巷平面,22.95722543,2.588129334,18.10%,,
信義路五段91巷(含12弄及15弄),5.312807882,2.198836081,32.30%,松德路200巷,信義路5段
星雲街,81.70175439,1.984757686,20.40%,成功路3段,金湖路
行愛路,257.5609195,1.412045924,8.50%,行善路,行忠路
行愛路141巷,102.5563218,1.942190774,15.80%,行愛路,新湖二路250巷
行愛路77巷,84.13563218,1.747011885,17.70%,行愛路,新湖一路358巷
行愛路78巷,59.16091954,2.153078596,25.30%,行愛路,新湖二路191巷
行善路,129.7310345,1.984211597,21.60%,行忠路,堤頂大道1段
行善路111巷,33.15,2.238445378,24.10%,行善路,南京東路6段
行善路168巷,79.90322581,2.65475915,20.70%,新湖1路,行善路
行善路48巷,34.85057471,2.449602304,29.50%,新湖1路,行善路
行善路59巷20弄,18.4,2.58629776,26.70%,行善路59巷,行善路111巷
行善路59巷40弄,29.76,2.4,22.90%,行善路59巷,行善路111巷
行一大客車平面停車場,41.61397059,0.880354774,17.80%,,
行一機車平面停車場,454.9257642,0.860691111,1.70%,,
行忠路,508.1425287,1.901351414,7.00%,舊宗路,行善路
行忠路(大型車),14.77590361,0.911764706,7.90%,民權東路6段46巷,行善路
行忠路28巷,44.93087558,1.64509939,21.40%,行忠路,新湖三路
行忠路66巷,24.42263279,1.803882605,13.90%,行忠路,新湖三路
行忠路72巷,29.83953488,1.746809245,9.90%,行忠路,新湖三路
興安街Y00,2.039215686,2.44344473,57.90%,復興北路,慶城街
興安街Z00,121.3839428,1.548900396,16.10%,建國北路,復興北路
興東街,6.886235955,1.720623145,29.60%,南港路一段,惠民街
興華路,36.90933333,1.021777866,14.00%,重陽路,南港路一段
興隆路2段,65.02898551,1.418760757,7.70%,景隆街,辛亥路4段
興隆路3段,79.47619048,1.688516746,17.60%,辛亥路4段,興隆路3段
興隆路4段,104.2465753,1.524110173,15.90%,興隆路4段,木新路3段
興隆路一段,120.4120879,1.666051834,14.10%,羅斯福路,景興街
興義街,67.79195402,2.068055934,25.70%,西園路二段320巷,環河南路3段
興中路,77.2202381,1.347045508,11.10%,重陽路,南港路一段
興中路12巷,41.80229885,1.01528438,10.50%,興中路,興華路
興中路28巷,58.05057471,1.266510515,12.30%,興中路,興華路
興中路44巷,31.91724138,1.33471786,11.90%,興中路,興華路
興中路56巷,1,1,14.10%,興中路,興華路
秀明路1段,184.47,1.853517041,8.70%,木柵路2段,新光路2段
秀明路2段,41.61,2.108462055,18.90%,新光路2段,萬壽路
秀山路,36.83333333,1,3.60%,中和街502巷5弄,稻香路
徐州路,276.6390805,1.757739257,15.50%,中山南路,杭州南路
許昌街（含機車）,112.1692308,1.00055366,16.00%,館前路,公園路
延吉街,54.28328173,1.936155507,22.40%,市民大道,光復南路
延平北路4段294巷,69.77314815,1.929091217,4.70%,延平北路4段,環河北路2段
延平北路4至5段1巷,206.8137931,1.554876374,6.30%,敦煌路,延平北路5段1巷
延平北路6段,14.77777778,1.710526316,15.30%,通河西街2段,中正路
延平北路四段,85.00188857,1.816754525,13.30%,酒泉街,民族西路
延平北路五段1巷廣場,269.4758621,2.882094429,9.40%,,
延平南路A（累進計時）,84.75545852,1.762105414,14.70%,忠孝西路,愛國西路
延平南路B（計時）,113.108046,1.117399823,17.00%,愛國西路,和平西路
延平南路C（含機車）,404.038835,1.000232198,11.60%,忠孝西路,武昌街
延壽街314巷,21.58986175,1.923934643,23.20%,延壽街,三民路43巷
延壽街330巷,29.13103448,2.319420076,24.80%,延壽街,健康路
延壽街330巷16弄,10.77829099,2.825989209,33.70%,延壽街330巷,延壽街356巷
延壽街330巷7弄,5.696551724,2.253235163,50.90%,健康路225巷,延壽街330巷
延壽街330巷7弄,5.696551724,2.253235163,50.90%,延壽街330巷,健康路225巷
延壽街330巷8弄,22.09677419,2.600374482,25.30%,延壽街330巷,延壽街356巷
延壽街72巷,56.89516129,2.280363361,19.10%,延壽街,健康路
延壽街A,32.48071749,2.105113876,15.90%,新中街,光復北路
延壽街B,172.6590724,1.780157641,17.00%,塔悠路,新中街
研究院路1段101巷,269.1218391,2.126573104,3.40%,富康街,研究院路1段
陽光街,63.62,2.143944637,18.30%,舊宗路2段,成功路3段
陽光街252巷,46.97388466,1.407282297,11.90%,瑞光路188巷,陽光街
陽光街321巷,174.816092,1.485735038,10.30%,陽光街,瑞湖街
陽光街345巷,75.84137931,1.010533572,6.90%,陽光街,陽光街321巷
陽光街365巷,140.3413793,1.02115269,5.60%,陽光街,陽光街321巷
一江街A,44.24827586,1.878760412,24.00%,南京東路,長春路
一江街B,13.49473684,1.541690722,22.40%,南京東路,松江路90巷
伊通街A,12.26104746,1.740497404,30.20%,南京東路,長春街
伊通街B,24.13793103,1.842685527,26.00%,長安東路,南京東路
伊通街C,28,1.915011189,26.50%,伊通公園周邊,
逸仙公園西側無名巷,120.735023,1,12.20%,市民大道,北平西路
迎風廣場平面,235.533437,0.424847859,0.60%,,
迎風廣場七號水門堤外平面大車停車場,52.82451253,0.372939021,0.90%,基隆河大佳段,
永福街,40.44208038,1.778326777,13.50%,西寧南路,康定路
永吉路120巷,124.1724138,2.450466995,14.40%,永吉路,忠孝東路五段
永吉路127巷(含11弄),12.6,2.120147874,22.80%,永吉路,永吉路127巷30弄
永吉路A,70.89052288,1.603532264,18.50%,松山路,松信路
永吉路B,40.21400159,1.599212356,19.00%,忠孝東路六段,松山路
永吉平面停車場,13.83167082,2.400615345,26.00%,永吉路120巷22弄,
雨農路,143.8091954,1.224734506,10.50%,雨農橋,中正路
雨聲街,275.3165877,1.531415319,13.20%,情報局,雙溪街
玉成街,14.44795784,2.430437917,30.70%,忠孝東路6段,八德路4段
玉成街A,180.1578947,2.242556918,6.20%,忠孝東路5段,成福路
玉門街,35.96210269,1.987539267,16.10%,庫倫街,敦煌路間
玉門街(大型車),2.17032967,0.653102337,25.60%,庫倫街,敦煌路間
育仁路,100.0707071,0.985747009,4.90%,大業路,光明路
育仁路,100.0707071,0.985747009,4.90%,光明路,大業路
育仁路,100.0707071,0.985747009,4.90%,光明路,大業路
裕民二路,129,1,5.70%,裕民一路,東華街1段
裕民二路33巷,48.68735632,1.588277728,15.60%,裕民一路,裕民二路
裕民二路49巷,27.625,1.290322581,12.80%,裕民二路,裕民六路
裕民六路,65.00824742,1.564823948,14.50%,裕民二路,東華街
裕民四路,11.09090909,0.96,7.40%,裕民二路,石牌路2段
裕民一路,18.7954023,1.16720459,19.90%,振華街,裕民一路
園區街,51.19866667,2.059089766,18.00%,三重路,重陽路
樟新街,27.84,1.809983897,20.20%,木新路3段,一壽橋
長安東路2段153巷,17.07701149,1.97672759,25.80%,朱崙街,長安東路2段
長安東路二段A,14.69416058,1.435670834,22.90%,新生北路,松江路
長安東路二段B,17.63372093,1.458850425,15.90%,復興北路,建國北路
長安東路二段C,7.615781711,1.259092568,23.10%,建國北路,松江路
長安東路一段,39.78581871,1.8209936,16.60%,林森北路,新生北路
長安東路一段52巷,9.97698504,1.785999864,23.40%,長安東路,市民大道
長安西路A,30.11906677,1.665087762,22.30%,太原路,延平北路
長安西路B,49.82753036,1.680284488,17.70%,延平北路,環河北路
長春路137巷,15.90344828,2.064867501,28.20%,長春路,松江路170巷
長春路258巷,4.710344828,1.509320905,25.50%,長春路,南京東路3段89巷
長春路A,22.87322611,1.450578396,21.00%,中山北路,新生北路
長春路B,56.20320856,2.118164375,19.40%,復興北路,敦化北路
長春路C,32.85924007,1.635482772,23.10%,建國北路,龍江路
長春路D,32.03148302,1.798259431,22.50%,松江路,建國北路
長春路E,37.00082305,1.64314749,19.70%,龍江路,復興北路
長春路F,58.01722724,1.714159228,20.60%,新生北路,松江路
長春路G,62.3908046,1.224859898,13.00%,林森北路,新生北路
長春路H(大車),3.153132251,0.711409396,25.80%,中山北路,林森北路
長沙街二段,86.87581699,1.727963526,15.10%,中華路,環河南路
長沙街一段（累進計時）,79.87816092,1.845468072,27.00%,中華路,桃源街
長順、雙園堤外平面大型車,77.60046189,0.400145545,1.40%,大型車,
長順、雙園堤外平面小型車,241.9182028,0.396977381,1.60%,小型車,
長順街,31.39488636,1.223053279,7.70%,艋舺大道,環河南路
長順街60巷,44.21658986,0.372815059,2.00%,長順街,萬板大橋
長順街底堤外,28.17592593,0.41971405,3.10%,長順街底水門,萬板橋
長興街,23.24367816,1.977680446,20.40%,基隆路,芳蘭路
詔安街,113.7619048,1.837645537,7.40%,南海路,重慶南路3段
振華街,24.14795383,1.208604052,17.10%,明德路,裕民一路
振興街,4.697459584,1.719146775,20.80%,石牌路,明德路
鎮江街,5.053571429,1.461638492,30.60%,青島東路,擠南路1段
鄭州路,414.8965517,1,11.00%,延平北路,承德路
鄭州路143巷,14.15962441,2.388765855,24.60%,鄭州路,長安西路
鄭州路26巷,23.80369515,2.726568006,14.10%,鄭州路,鄭州路26巷底
植福路,318.0645695,1.54625467,10.10%,敬業二路,樂群二路
植福路286巷,110.1169811,1.769114567,11.00%,敬業四路,堤頂大道西側
指南路2段,6.79,1.361353712,23.00%,指南路1段,指南路3段
至誠公園旁無名巷,79.22222222,2.9,8.60%,福林街,至誠路1段
至誠路二段,92.06896552,1.377245407,12.60%,至誠路一段305巷,中山北路五段
至誠路一段,39.74082569,1.316489719,7.10%,雨農路,至誠路一段305巷
至善公園平面,35.75885329,1,1.90%,至善路一段,至善公園西側
至善路2段,25.73913043,1,9.20%,至善路2段242巷,中社路1段
至善路二段,150.6854305,1,6.30%,故宮,臨溪路
至善路一段,76.89134438,1,5.00%,臨溪路,福林路
至善路一段A大車,10.45101664,1,14.80%,臨溪路,福林路
致遠三路,14,1,6.50%,裕民二路,石牌路2段
致遠一路1段,14.14516129,0.911823647,6.50%,自強街,明德路
中華路二段,129.0138549,1.448555219,14.70%,水源路,西藏路
中華路二段300巷13弄,19.42028986,2.228097141,20.30%,中華路二段300巷,
中華路二段315巷,5.48372093,1.442916533,23.90%,中華路二段,中華路2段315巷5弄
中華路二段364巷17弄及24弄,39.38666667,2.279007837,12.70%,中華路二段364巷,
中華路二段39巷,29.50344828,1.267581047,24.80%,中華路,延平南路
中華路二段416巷,58.25279642,2.355611342,55.00%,萬大路237巷13弄,中華路2段
中華路二段443巷,35.11264368,1.804659984,10.90%,寧波西街,中華路2段467巷
中華路二段484巷,10.05080831,2.010953392,25.80%,中華路2段,國興路
中華路二段75巷,67.72870249,1.277336951,12.10%,中華路,廣州街8巷
中坡北路,20.98444648,1.912858403,34.30%,松隆路,忠孝東路五段
中坡南路,66.24088748,1.676538908,16.40%,忠孝東路五段,福德街
中山北路5段6段,31.72183908,2.555768354,25.40%,至誠路2段,忠誠路1段
中山北路7段,49.61111111,1.858585859,15.50%,中山北路7段191巷,中山北路7段227巷
中山北路二段39巷,15.27126437,1.75215871,28.40%,中山北路,林森北路
中山北路二段45巷,8.926436782,1.401987225,21.20%,林森北路,中山北路
中山北路二段77巷,77.2137931,2.02219976,22.90%,中山北路,林森北路
中山北路六段,238.8174863,1.475967475,17.80%,中山北路六段776巷,福國路
中山北路六段2巷,2.451612903,2.803506209,45.10%,忠誠公園,雨聲街
中山北路六段405巷,27.02988506,1.289963567,27.50%,中山北路6段,中山北路6段441巷
中山北路七段,91.70066519,1.437539534,21.00%,天母西路,中山北路7段162巷
中山北路三段,4.957471264,2.344089358,43.80%,撫順公園週邊,
中山北路五段A,24.5483871,1.692017963,13.70%,至誠路二段,中山北路六段
中山北路五段B,45.90373906,1.718307682,13.30%,福林橋,福林路
中山北路五段C機車,453.0644567,1,5.30%,小北街,劍潭路
中山北路一段,150.2488479,1,7.80%,市民大道,忠孝西路
中山北路一段53巷,36.99770115,2.071522214,20.40%,天津街,林森北路
中山路,55.58333333,1,4.20%,溫泉路,光明路
中山南路（機車計次）,73.74482759,1,16.40%,忠孝西路,青島西路
中山南路2巷（機車計次）,282,1,13.80%,中山南路,公園路
中山南路二巷臨時平面,149.8870968,1.251956174,17.10%,中山南路,公園路
中央北路1段,14,0.93442623,8.50%,大業路,光明路
中央北路2段,98.66666667,0.992668622,4.80%,新興路,大業路
中正路,117.7982709,1.315071929,11.20%, 文昌路,承德路四段
中正路A,27.7239777,1.610137852,28.20%,雨農路,中山北路五段
忠誠路二段,166.514574,1.57959656,19.20%,德行東路,天母東路
忠誠路一段,128.4922907,1.603175671,17.90%,德行東路,中山北路六段
忠孝東路二段,36.07894737,0.809489619,8.80%,金山北路,新生南路北側
忠孝東路二段134巷,9.141752577,1.630598993,26.70%,忠孝東路,濟南路
忠孝東路三段,113.3883677,0.792061644,5.90%,新生南路,建國南路北側
忠孝東路三段251巷,22.4371134,2.073037705,45.90%,安東街,忠孝東路三段251巷
忠孝東路五段,60.83836735,1.543771138,14.30%,中坡北路,松山路
忠孝東路五段236巷27弄,25.40689655,2.344316582,19.70%,松德路168巷12弄,忠孝東路五段236巷
忠孝東路五段236巷45弄,5.131034483,2.236753324,38.80%,忠孝東路五段236巷45弄,忠孝東路五段372巷
忠孝東路五段236巷57弄,12.73103448,2.181165592,24.90%,忠孝東路五段236巷,忠孝東路五段372巷
忠孝東路五段372巷28弄,18.82951289,2.321113234,171.00%,忠孝東路五段372巷,忠孝東路五段236巷
忠孝西路二段,88.50268199,1.77303412,17.80%,中華路,昆明街
忠孝西路二段16巷,41.16866359,1.03378706,16.30%,忠孝西路,洛陽街
忠孝西路橋下,16.26036866,2.738264946,37.80%,重慶南路,忠孝西路
忠孝西路一段(機車計次)A,207.7603687,1,8.30%,延平北路,重慶北路北側
忠孝西路一段(機車計次)B,123.8568129,1,11.80%,重慶南路,博愛路
忠孝西路一段三角窗（機車計次）,111.4883721,1,6.70%,北平西路,忠孝西路
忠義街,73.45106383,1.401527128,15.10%,忠誠路1段,德行東路
重慶北路3段223巷,5.620689655,1.415048544,29.80%,大龍街,重慶北路3段
重慶北路4段,102.2595674,1.716998169,14.10%,中正路,敦煌路
重慶北路三段,50.55093555,1.076121354,11.30%,酒泉街,慶昌橋
重慶北路三段,50.55093555,1.076121354,11.30%,民權西路,酒泉街
重慶北路一段,6.880327869,0.640999227,22.20%,南京西路,市民大道
重慶南路二段8巷,11.06382979,1.987951807,11.90%,重慶南路二段8巷10弄,重慶南路二段8巷底
重慶南路一段126巷,1.867665418,1.510651248,41.50%,博愛路,重慶南路1段
重慶南路一段136巷（累進計時）,59.30444965,1.171443231,15.80%,重慶南路一段,博愛路
重慶南路一段B,126.5950992,1,8.60%,忠孝西路,襄陽路
重慶南路一段C,1.096774194,2.20234869,89.60%,襄陽路,開封街
重陽路,266.3153226,2.380343023,10.40%,南湖大橋下,向陽路
重陽路125巷,41.21383648,1.92977817,10.00%,松河街,重陽路
重陽路187巷,27.11835106,2.103827032,11.20%,松河街,重陽路
重陽路57巷,55.35714286,2.590186279,15.30%,松河街,重陽路
洲美快速道路橋下(大客車),19.18518519,1.434715822,2.50%,,
洲子街A,127.6183908,1.467924875,14.40%,基湖路3巷,港墘路
洲子街B(機車),379.4712644,0.862420833,8.90%,港墘路,基湖路3巷
朱崙街,117.3518367,1.883531807,16.30%,建國北路,復興北路
珠海路,91.18055556,1,5.10%,登山路,雙全街
莊敬路,111.0526316,1.521565638,18.00%,松仁路,松勤街
莊敬路239巷,2.03699422,2.258227098,54.00%,松智路,莊敬路
莊敬路325巷45弄,76.99310345,2.003978316,17.10%,莊敬路239巷,松智路