Road,Number_of_Fees(sheet/day),Total_Parking_Hours(hours/day),Number_of_Parking_Space,Hours_per_sheet,Time_Start,Time_End,Interval,Space_efficiency
 立功路,44.52183908,144.7609195,50.38390805,3.251458667,9:00,17:00,8,35.90%
愛國東路,141.108046,213.0229885,106.7827586,1.509644521,7:00,20:00,13,15.30%
愛國西路,13.54245881,24.43092522,8.90747782,1.804024333,9:00,17:00,8,34.30%
安東街,11.73793103,20.26896552,5.075862069,1.726792009,7:00,20:00,13,30.70%
安東街16巷,52.74022989,108.0586207,58.46896552,2.048884143,7:00,20:00,13,14.20%
安東街40巷,40.90804598,84.93333333,26.55632184,2.07620118,7:00,20:00,13,24.60%
安和路二段,107.0915663,229.5453815,77.68514056,2.143449662,7:00,20:00,13,22.70%
安和路二段74巷,24.26193548,49.19354839,12.5716129,2.027601978,7:00,20:00,13,30.10%
安和路一段127巷含29弄,68.65977011,148.1425287,83.73563218,2.157632169,7:00,20:00,13,13.60%
安和路一段A,74.11644951,148.8387622,42.85830619,2.008174477,7:00,20:00,13,26.70%
安和路一段B(累進計時),41.5539335,72.52798054,18.7323601,1.745393864,7:00,20:00,13,29.80%
安康平面停車場,154.3599671,286.5749588,202.7446458,1.856536797,9:00,17:00,8,17.70%
安美街,19.66666667,32,42.07142857,1.627118644,9:00,17:00,8,9.50%
安西街,20.31724138,33.9862069,24.66206897,1.672776646,9:00,17:00,8,17.20%
安祥平面停車場,24.02643678,50.9954023,9.750574713,2.122470459,7:00,20:00,13,40.20%
八德路2段174巷含11弄,23.21149425,42.36551724,26.38275862,1.825195603,7:00,20:00,13,12.40%
八德路2段199巷,28.70114943,48.14482759,19.11724138,1.677452944,7:00,20:00,13,19.40%
八德路2段210巷,41.39215686,58.24400871,46.98474946,1.407126691,7:00,20:00,13,9.50%
八德路2段218巷,36.06436782,65.13103448,36.07126437,1.805966344,7:00,20:00,13,13.90%
八德路二段167巷,18.15172414,32.81149425,12.3908046,1.807624113,7:00,20:00,13,20.40%
八德路二段451巷,37.77600979,74.95716034,19.3880049,1.984252989,7:00,20:00,13,29.70%
八德路二段臨時平面,8.338319908,16.38089758,4.539700806,1.964532156,9:00,17:00,8,45.10%
八德路二段A,25.90773406,41.39484396,14.69606513,1.597779407,7:00,20:00,13,21.70%
八德路二段B,43.36528222,51.39510117,30.85516507,1.185166994,7:00,20:00,13,12.80%
八德路三段,38.34081042,53.41968162,27.25253256,1.393285145,7:00,20:00,13,15.10%
八德路四段,33.63914121,52.62262593,21.50206441,1.56432727,7:30,20:00,12.7,19.30%
八德路四段17巷,9.970046083,24.61059908,3.725806452,2.468453894,7:00,20:00,13,50.80%
八德路一段,12.38899431,9.611005693,22.4288425,0.775769643,9:00,16:00,7,6.10%
八德路一段43巷,7.852295409,10.0758483,8.700598802,1.283172344,7:00,20:00,13,8.90%
八德路一段43巷(機車),191.9884615,154.7134615,179.2365385,0.805847707,12:00,20:00,8,10.80%
八德路一段北側,34.74621212,28.01893939,27.46780303,0.806388314,12:00,20:00,8,12.80%
百齡槌球場,105.721709,43.41108545,426.3799076,0.410616569,9:00,17:00,8,1.30%
百齡堤外停車場A,130.1388889,54.87268519,504.2974537,0.421647101,9:00,17:00,8,1.40%
百齡堤外停車場B,30.15850816,16.00932401,154.5641026,0.530839388,9:00,17:00,8,1.30%
百齡橋堤外足球場,38.48,38.48,23.76,1,9:00,17:00,8,20.20%
保安街,34.40338164,52.852657,30.9178744,1.536263428,9:00,17:00,8,21.40%
寶興街,83.92988506,162.1091954,106.7988506,1.931483586,9:00,17:00,8,19.00%
北安路,112.9260042,131.3995772,72.43340381,1.16359007,10:00,18:00,8,22.70%
北安路458巷41弄,125.0621359,184.6601942,109.9067961,1.47654758,10:00,18:00,8,21.00%
北安路458巷47弄,124.8873563,188.5701149,162.6528736,1.509921585,10:00,18:00,8,14.50%
北安路554巷,38.67126437,52.45977011,23.45977011,1.35655689,10:00,18:00,8,28.00%
北安路770巷,26.52643678,49.87816092,64.73103448,1.880318918,10:00,18:00,8,9.60%
北寧路,20.15226689,40.11890505,10.49529512,1.990788692,13:00,20:00,7,54.60%
北平東路,123.1583221,217.6454668,143.8294993,1.76720065,7:00,20:00,13,11.60%
北平西路（逸仙公園南側）,66.86574074,66.86574074,142.8333333,1,9:00,17:00,8,5.90%
北平西路A,146.5506912,146.5506912,197.5437788,1,0:00,9:00,9,8.20%
北投磺港溪廣場,119.712313,123.1898734,49.7456847,1.029049313,9:00,17:00,8,31.00%
北投路1段,64.97,64.97,161.92,1,9:00,17:00,8,5.00%
北投路2段,37.97,37.97,81.16,1,9:00,17:00,8,5.80%
濱江街,41.52783505,62.67835052,88.35257732,1.509309369,9:00,17:00,8,8.90%
濱江街路邊停車場,50.63541667,40.01157407,239.0474537,0.79018949,8:00,22:00,14,1.20%
濱江街路邊停車場A,33.01382488,25.85714286,97.40322581,0.783221664,9:00,17:00,8,3.30%
濱江橋下停車場,14.83009079,31.55252918,15.73281453,2.127601889,7:00,21:30,14.5,13.80%
博愛路A（計時）,58.22401848,81.46882217,51.67205543,1.399230495,9:00,17:00,8,19.70%
博愛路B（含機車）,94.93266833,96.74314214,108.3740648,1.019071136,9:00,17:00,8,11.20%
博愛路C（累進計時）,87.00698487,127.3573923,106.9383003,1.463760553,7:00,20:00,13,9.20%
昌吉街,46.08821233,74.83762685,53.60577674,1.623791053,9:00,17:00,8,17.50%
常德街（機車計次）,307.5333333,307.5333333,119.862069,1,9:00,17:00,8,32.10%
潮州街,56.81494253,110.3448276,34.5862069,1.942179692,7:00,20:00,13,24.50%
成都路A,29.39310345,69.57701149,36.57931034,2.367120288,9:00,17:00,8,23.80%
成都路B,201.8251928,204.842545,134.907455,1.014950325,11:00,19:00,8,19.00%
成福路,15.25,34.08333333,24.30555556,2.234972678,9:00,17:00,8,17.50%
成功路1段,47.475,87.325,91.4,1.839389152,7:00,20:00,13,7.30%
成功路2段,55.46268657,98.38059701,71.01492537,1.773815931,9:00,17:00,8,17.30%
成功路3段,32.93283582,58.61940299,64.70149254,1.779968276,9:00,17:00,8,11.30%
成功路三段,44.33333333,65.4045977,28.65747126,1.475291677,10:00,16:00,6,38.00%
成功路四段,88.6191067,128.7059553,90.84119107,1.452349952,7:00,20:00,13,10.90%
成功路五段,103.9034483,161.6218391,184.3057471,1.555500243,9:00,17:00,8,11.00%
承德堤外,153.1324675,44.36883117,684.5090909,0.289741502,9:00,17:00,8,0.80%
承德路二段75巷,11.71744472,29.63144963,13.5036855,2.52883204,9:00,17:00,8,27.40%
承德路二段91巷,8.896073903,21.81293303,7.84295612,2.451973001,9:00,17:00,8,34.80%
承德路二段A,69.17065637,84.33899614,106.4833977,1.219288649,9:00,17:00,8,9.90%
承德路二段B,18.70822281,17.95623342,18.09018568,0.959804339,9:00,17:00,8,12.40%
承德路六段,74.43572985,30.08061002,359.2941176,0.404115202,10:00,16:00,6,1.40%
承德路七段,71.75057471,26.65287356,163.937931,0.371465646,9:00,17:00,8,2.00%
承德路三段,50.21767068,67.2497992,65.45140562,1.33916604,9:00,17:00,8,12.80%
承德路三段208巷,29.85632184,46.05632184,28.44942529,1.542598653,9:00,17:00,8,20.20%
承德路三段283巷,24.11724138,35.43678161,14.50344828,1.469354685,9:00,17:00,8,30.50%
承德路三段285巷,51.12,100.24,82.96,1.960876369,9:00,17:00,8,15.10%
承德路四段179巷含機車,90.55734767,105.0734767,121.6227599,1.160297639,12:00,20:00,8,10.80%
承德路四段195巷含機車,80.68139963,103.2642726,83.05801105,1.279901849,12:00,20:00,8,15.50%
承德路四段58巷,18.18518519,34.18518519,25.94074074,1.879837067,9:00,17:00,8,16.50%
承德路四段77巷,11.21126761,12.20120724,5.3138833,1.088298636,7:00,20:00,13,17.70%
承德路四段A,107.2847844,165.0968267,81.75101709,1.538865251,7:00,20:00,13,15.50%
承德路四段B含機車,23.312074,34.25511198,30.51752678,1.469415032,12:00,20:00,8,14.00%
承德路一段,7.940740741,0.637037037,7.679012346,0.080223881,9:00,17:00,8,1.00%
崇德街,19.24,40,16.66,2.079002079,9:00,17:00,8,30.00%
崇仁路1段,2.25,2.25,2.25,1,9:00,17:00,8,12.50%
大安路二段,213.7700893,361.5357143,145.8526786,1.691236204,7:00,20:00,13,19.10%
大安路一段,96.0591174,160.4679434,54.6877602,1.670512365,7:00,20:00,13,22.60%
大道路,48.75260208,90.08807046,66.1008807,1.847861788,9:00,17:00,8,17.00%
大東路,28.23454545,52.65363636,23.45090909,1.864865735,9:00,17:00,8,28.10%
大湖山莊街,107.8888889,192.7222222,354.6666667,1.786302781,9:00,17:00,8,6.80%
大佳公園八號水門堤外平面大車停車場,27.25,8.41509434,90.87971698,0.308810801,9:00,17:00,8,1.20%
大佳公園八號水門堤外平面小車停車場,124.2467949,37.66346154,372.9487179,0.303134271,9:00,17:00,8,1.30%
大佳河濱公園,64.19556714,26.86179922,741.4498044,0.41843698,9:00,22:00,13,0.30%
大龍街,40.6954023,56.6045977,37.38505747,1.390933484,9:00,17:00,8,18.90%
大南路(含285巷),8.76091954,13.7954023,5.544827586,1.574652322,9:00,17:00,8,31.10%
大業路,53,53,418.5,1,9:00,17:00,8,1.60%
大直街,12.05287356,20.05977011,6.531034483,1.664314324,10:00,18:00,8,38.40%
丹陽街,47.22988506,67.45977011,28.02758621,1.42832806,7:00,20:00,13,18.50%
稻香路,47.33333333,47.33333333,153.8333333,1,9:00,17:00,8,3.80%
德惠街,59.77120823,108.6426735,45.3688946,1.817642252,7:00,20:00,13,18.40%
德惠街B,18.94636964,32.31930693,16.66419142,1.70583112,9:00,17:00,8,24.20%
德行東路,204.1394336,273.1394336,277.2298475,1.338004269,9:00,17:00,8,12.30%
德行東路109巷,15.83870968,18.06451613,14.38709677,1.140529532,9:00,17:00,8,15.70%
德行西路,61.80842105,109.3978947,68.45052632,1.769951293,9:00,17:00,8,20.00%
堤頂大道二段407巷及20弄,55.04250559,68.34787472,183.1096197,1.241728987,9:00,17:00,8,4.70%
堤頂大道二段A東側,89.95967742,140.0253456,148.7465438,1.556534546,9:00,17:00,8,11.80%
堤頂大道西側,78.18708609,107.6274834,219.0099338,1.376537851,10:00,18:00,8,6.10%
堤頂大道一段,54.13519814,108.986014,75.96503497,2.013219084,9:00,17:00,8,17.90%
迪化街一段A,37.81232877,41.93013699,48.93013699,1.108901206,9:00,17:00,8,10.70%
迪化街一段B,34.8675,39.4625,27.17,1.131784613,9:00,17:00,8,18.20%
東明街,36.74193548,85.67741935,75.19354839,2.331870061,9:00,17:00,8,14.20%
東山路,74.38095238,178.0714286,400.5714286,2.394046095,9:00,17:00,8,5.60%
東新街,55.02352941,90.38823529,188.9294118,1.642719692,9:00,17:00,8,6.00%
東興路,16.53803596,29.26141079,15.66804979,1.769340135,7:00,20:00,13,14.40%
東園街35巷,57.81149425,137.6885057,90.54482759,2.381680452,9:00,17:00,8,19.00%
東園街67巷,8.659770115,19.17931034,12.27586207,2.214759756,9:00,17:00,8,19.50%
東園街73巷,10.91954023,22.52643678,14.12413793,2.062947368,9:00,17:00,8,19.90%
敦化北路199巷,92.76666667,171.2137931,52.49770115,1.845639164,7:00,20:00,13,25.10%
敦化南路二段81巷,64.66781609,140.054023,31.97471264,2.165745365,7:00,20:00,13,33.70%
敦煌路平面停車場,13.54033771,27.98123827,12.18011257,2.06650963,9:00,17:00,8,28.70%
敦煌路A,31.99211978,52.40031521,60.84948779,1.637913198,9:00,17:00,8,10.80%
敦煌路B（慶昌橋下）,71.87070938,148.6864989,131.721968,2.068805222,9:00,17:00,8,14.10%
峨嵋街A,16.12516644,28.37416778,17.23035952,1.759620149,9:00,17:00,8,20.60%
峨嵋街B,207.8585034,237.0319728,140.9183673,1.140352542,9:00,21:00,12,14.00%
兒童新樂園南側,8.902439024,14.09756098,8.975609756,1.583561644,8:00,22:00,14,11.20%
芳蘭路A,101.6314363,101.6314363,324.6829268,1,9:00,17:00,8,3.90%
廢鐵道平面,451.151865,956.4413854,355.6802842,2.11999874,7:00,22:00,15,17.90%
福港街,19.67281106,37.33410138,17.32603687,1.89775123,9:00,17:00,8,26.90%
福港街199巷,21.30114943,37.17931034,22.06896552,1.745413339,9:00,17:00,8,21.10%
福和橋東側橋邊,25.47126437,66.45057471,46.52873563,2.608844765,9:00,17:00,8,17.90%
福林公園平面大車,39.69202226,27.04081633,12.54174397,0.681265775,9:00,17:00,8,27.00%
福志路,118.9989071,276.5923497,254.020765,2.324326807,7:00,20:00,13,8.40%
福中公園周邊,32.43218391,65.82988506,28.9816092,2.029770343,9:00,17:00,8,28.40%
福州街,47.76736672,78.72051696,33.43376414,1.647997835,9:00,17:00,8,29.40%
福州街廣場,69.08045977,158.5908046,97.92873563,2.295740433,9:00,17:00,8,20.20%
福州街A,13.24193548,21.67741935,3.870967742,1.637028015,9:00,17:00,8,70.00%
撫順街,4.427648579,5.029715762,2.69250646,1.13597899,9:00,17:00,8,23.40%
撫順街41巷,83.2,204.44,158.1,2.457211538,9:00,17:00,8,16.20%
撫遠街,46.39748954,76.35564854,75.83598326,1.645684913,7:00,20:00,13,7.70%
富錦街107巷,73.54712644,254.5241379,113.9954023,3.460694527,9:00,17:00,8,27.90%
富錦街359巷,6.908114558,14.47613365,5.072792363,2.095525998,9:00,17:00,8,35.70%
富錦街359巷2弄,62.5,355,159,5.68,9:00,17:00,8,27.90%
富錦街359巷3弄,23.5,146.5,24,6.234042553,9:00,17:00,8,76.30%
富錦街429巷,16.5,92.5,16.5,5.606060606,9:00,17:00,8,70.10%
富錦街A,218.8755981,512.6778309,439.9170654,2.342325209,9:00,17:00,8,14.60%
富錦街B,133.8852755,218.2484192,133.2384824,1.630115174,9:00,17:00,8,20.50%
富康街1巷,63.09195402,156.5517241,151.8206897,2.481326289,9:00,17:00,8,12.90%
富康街1巷16弄,45.91546392,110.9484536,59.33608247,2.416363555,9:00,17:00,8,23.40%
富民街155巷,12.46635731,14.63573086,18.9512761,1.174018239,9:00,17:00,8,9.70%
富陽街,32.44,62.54,65.12,1.927866831,9:00,17:00,8,12.00%
復興北路430巷,27.37931034,48.83908046,31.00689655,1.78379513,9:00,17:00,8,19.70%
復興北路488巷,31.94712644,65.92413793,32.21609195,2.063538893,9:00,17:00,8,25.60%
復興北路A,29.70765472,51.3990228,15.33713355,1.730160906,7:00,20:00,13,25.80%
復興北路B,66.29190341,99.94034091,46.07954545,1.507579897,7:00,20:00,13,16.70%
復興北路C,22.35573411,34.92257122,9.720233747,1.562130371,7:00,20:00,13,27.60%
復興南路二段,35.79823455,45.21059269,23.10970996,1.262927998,7:00,20:00,13,15.00%
復興南路二段148巷,43.58731538,74.75152042,23.64378801,1.714983356,7:00,20:00,13,24.30%
復興南路二段151巷,66.92080745,123.4534161,39.63509317,1.844768777,7:00,20:00,13,24.00%
復興南路一段126巷,23.24423963,42.43202765,12.79723502,1.825485726,7:00,19:00,12,27.60%
復興南路一段135巷,56.02528736,86.11724138,32.35862069,1.537113783,7:00,20:00,13,20.50%
復興南路一段A,27.10559796,38.90330789,15.86513995,1.435249941,7:00,20:00,13,18.90%
復興南路一段B,18.56718193,20.86920333,8.917954816,1.123983349,7:00,20:00,13,18.00%
甘谷街,3.777777778,10.38888889,3.888888889,2.75,7:00,20:00,13,20.50%
甘州街,51.96551724,74.32643678,50.93103448,1.43030303,9:00,17:00,8,18.20%
港華街,29.53125,80.625,38.15625,2.73015873,9:00,17:00,8,26.40%
港墘路,16.24371859,27.59798995,14.8781407,1.698994586,9:00,17:00,8,23.20%
港墘路221巷,82.03229527,113.4798155,153.3621684,1.383355361,0:00,9:00,9,8.20%
公園路A（計時）,18.56120092,32.51963048,13.56351039,1.752021899,9:00,17:00,8,30.00%
公園路B（含機車）,107.6905089,107.7757909,74.51856946,1.000791917,9:00,17:00,8,18.10%
牯嶺街A,104.4080068,201.088586,100.1950596,1.925988171,9:00,17:00,8,25.10%
牯嶺街YB0,46.95862069,101.8942529,52.70574713,2.169873207,9:00,17:00,8,24.20%
牯嶺街ZB0,14.99463087,25.57852349,12.7852349,1.705845493,9:00,17:00,8,25.00%
關渡路,42.1875,42.1875,104.0625,1,9:00,17:00,8,5.10%
觀山堤外（5號水門）,160.0390805,58.93218391,487.0804598,0.368236207,10:00,12:00,2,6.00%
觀山堤外（6號水門）,151.2655172,62.95402299,699.4413793,0.416182248,9:00,17:00,8,1.10%
館前路（含機車）,67.60167364,68.04016736,53.84100418,1.006486433,9:00,17:00,8,15.80%
光復北路,154.4675926,273.6219136,279.7469136,1.771387182,7:00,20:00,13,7.50%
光復北路11巷,58.58121159,119.7647059,37.9499561,2.044421797,7:00,20:00,13,24.30%
光復北路190巷,72.50344828,171.7195402,97.76551724,2.368432734,9:00,17:00,8,22.00%
光復北路230巷,20.7079646,43.12630732,21.63234111,2.082595183,7:00,20:00,13,15.30%
光復南路A,15.72119816,22.4078341,7.33640553,1.425326103,7:00,19:00,12,25.50%
光復南路B,41.53522267,71.41376518,32.89959514,1.719354336,7:00,20:00,13,16.70%
光明路,18.13,17.18,30.93,0.947600662,9:00,17:00,8,6.90%
廣州街218巷,26.53381643,62.0531401,40.38164251,2.338643605,9:00,17:00,8,19.20%
廣州街8巷,139.5338753,173.0243902,113.4065041,1.240017091,9:00,17:00,8,19.10%
廣州街A,71.24884438,92.32357473,59.97226502,1.295790487,9:00,17:00,8,19.20%
廣州街B,49.31336406,53.95852535,28.4124424,1.094196804,9:00,17:00,8,23.70%
歸綏街,47.43646865,60.18564356,43.02557756,1.268763154,9:00,17:00,8,17.50%
桂林路,21.7727797,38.32641292,24.89042676,1.7602903,9:00,17:00,8,19.20%
桂林路堤外平面,39.44831591,15.48432056,166.8373984,0.392521714,11:00,14:00,3,3.10%
貴陽街二段,65.23492561,122.8175411,74.27016445,1.882696117,9:00,17:00,8,20.70%
貴陽街一段,56.24615385,98.56094675,57.94319527,1.752314425,9:00,17:00,8,21.30%
國興路,39.11093117,91.91497976,48.56356275,2.350109726,9:00,17:00,8,23.70%
哈密街,11.86285056,18.07721859,9.074529389,1.523851161,9:00,17:00,8,24.90%
哈密街59巷56弄,14.38,27.2,20,1.891515994,9:00,17:00,8,17.00%
漢口街二段,309.5434193,311.7632293,282.0630936,1.00717124,11:00,21:00,10,11.10%
漢口街一段B（含機車）,183.7873163,183.837587,161.5042537,1.000273526,10:00,17:00,7,16.30%
漢口街一段C（含機車）,117.8698573,118.4466835,110.0403023,1.004893755,7:00,20:00,13,8.30%
漢中街B,160.3517495,160.3517495,116,1,9:00,21:00,12,11.50%
杭州北路,77.60339506,112.4675926,49.89351852,1.44926124,7:00,20:00,13,17.30%
杭州南路二段,106.7580972,146.4736842,82.01720648,1.372014752,7:00,20:00,13,13.70%
杭州南路二段-大車場,80.11547344,62.60508083,98.4665127,0.781435572,9:00,17:00,8,7.90%
杭州南路二段25巷,83.91264368,131.4586207,89.91264368,1.566612788,9:00,17:00,8,18.30%
杭州南路一段,107.2210938,138.934375,81.45390625,1.295774648,7:00,18:00,11,15.50%
合江街,5.660899654,11.55594002,3.880046136,2.041361043,9:00,17:00,8,37.20%
和平東路二段,31.7211838,23.8894081,2.269470405,0.753105819,7:00,22:00,15,70.20%
和平東路二段76巷,47.7127907,119.0406977,48.62906977,2.494943095,9:00,17:00,8,30.60%
和平東路二段90巷,4.647887324,10.01173709,2.549295775,2.154040404,9:00,17:00,8,49.10%
和平東路二段96巷,44.93663594,107.2327189,41.57834101,2.386309448,9:00,17:00,8,32.20%
和平東路三段228巷,20.96677472,43.32495948,20.13290113,2.066362617,9:00,17:00,8,26.90%
和平東路三段A(一般),30.75058457,58.50272798,47.06547155,1.902491572,8:00,17:00,9,13.80%
和平東路一段,78.58455285,106.1154472,51.75934959,1.350334682,7:00,20:00,13,15.80%
和平西路二段,76.51271186,128.4076271,114.1991525,1.678252201,9:00,17:00,8,14.10%
和平西路二段104巷,4.572700297,4.801186944,6.089020772,1.049967554,9:00,17:00,8,9.90%
和平西路三段,30.24232887,39.59716758,34.04484658,1.30932931,9:00,17:00,8,14.50%
和平西路一段,20.34829593,36.27514547,18.56359102,1.782711712,9:00,17:00,8,24.40%
衡陽路（含機車）,23.03817427,25.17510373,17.52780083,1.092756025,9:00,17:00,8,18.00%
後港街134巷,26.06912442,60.08294931,27.32949309,2.304755171,9:00,17:00,8,27.50%
湖口街,49.13333333,87.68045977,58.92413793,1.784541244,9:00,17:00,8,18.60%
葫蘆街,43.94444444,98.72222222,84.66666667,2.246523388,9:00,17:00,8,14.60%
華齡街（含185巷）,85.01355932,149.6389831,164.0728814,1.760177838,9:00,17:00,8,11.40%
華榮市場,142.8563218,248.1931034,127.9195402,1.737361709,9:00,17:00,8,24.30%
華亭街,25.81524548,49.61886305,32.77648579,1.922075972,8:00,17:00,9,16.80%
華中堤外平面場,60.51501155,24.43879908,191.6120092,0.403846888,9:00,17:00,8,1.60%
懷寧街A,45.21139102,88.73384447,43.01204819,1.962643539,9:00,17:00,8,25.80%
懷寧街B（含機車）,869.8101545,869.8101545,918.3046358,1,9:00,17:00,8,11.80%
環河北路3段,20.94444444,47.38888889,86.88888889,2.262599469,9:00,17:00,8,6.80%
環河北路堤外（3號水門堤外）小型車,83.87054409,220.3714822,1136.266417,2.627519406,7:00,16:00,9,2.20%
環河北路堤外（5號水門堤外）,49.57984293,90.31151832,101.3573298,1.821536999,7:00,20:00,13,6.90%
環河北路堤外（5號水門牆邊）,59.31766917,165.8477444,157.3458647,2.795924834,7:00,16:00,9,11.70%
環河南路堤外防汛道,74.37471264,28.16321839,222.5942529,0.378666584,9:00,17:00,8,1.60%
環河南路二段A,87.99427262,153.8098511,138.1981672,1.74795298,9:00,17:00,8,13.90%
環河南路二段B,71.38116592,109.4372197,74.26008969,1.533138585,3:00,9:00,6,24.60%
環河南路二段C,8.901307967,15.45897741,7.160523187,1.736708523,9:00,17:00,8,27.00%
環河南路橋下A,183.3517241,436.2206897,498.7011494,2.379146919,9:00,17:00,8,10.90%
環河南路橋下B,46.10574713,102.5586207,110.4298851,2.224421619,9:00,17:00,8,11.60%
環河南路橋下C,45.17824074,95.54166667,79.83333333,2.114771737,9:00,17:00,8,15.00%
環河南路三段,64.89655172,140.0126437,101.1793103,2.157474318,9:00,17:00,8,17.30%
環南市場甲-丁棟地下室,28.57947686,75.84909457,179.4527163,2.653970712,3:00,9:00,6,7.00%
環南市場內內環道路,83.80269058,87.86995516,106.367713,1.048533818,3:00,9:00,6,13.80%
環山路1段,83.77083333,174.5,156.8333333,2.083063914,9:00,17:00,8,13.90%
環山路2段,71.29411765,148.5176471,178.4235294,2.083168317,9:00,17:00,8,10.40%
環山路3段,40.56989247,92.60215054,95.84946237,2.282533793,7:00,20:00,13,7.40%
磺港路,57.17142857,57.17142857,186.2714286,1,9:00,17:00,8,3.80%
磺溪街,50.359447,88.44470046,46.28571429,1.756268302,9:00,17:00,8,23.90%
惠安街,89.30114943,102.4574713,86.70344828,1.147325336,10:00,16:00,6,19.70%
惠安街A,7.32155477,11.08480565,9.081272085,1.513996139,9:00,17:00,8,15.30%
惠民街,58.76565465,126.2779886,67.41840607,2.148839988,9:00,17:00,8,23.40%
基河路188巷,37.4372093,54.74651163,26.50697674,1.462355572,7:00,20:00,13,15.90%
基河路300巷,55.58747698,79.29834254,59.32596685,1.42655049,9:00,17:00,8,16.70%
基河路396巷,22.15101289,38.91896869,19.65745856,1.756983705,9:00,17:00,8,24.70%
基河路A,148.0909857,203.705139,109.6764954,1.375540436,7:00,20:00,13,14.30%
基河路B含機車,268.2336517,270.376194,392.8721528,1.007987597,7:00,20:00,13,5.30%
基河路C,30.86556169,51.96500921,22.4014733,1.683591885,8:00,22:00,14,16.60%
基湖路10巷,59.05651672,89.15801615,77.48212226,1.509706652,9:00,17:00,8,14.40%
基湖路112巷,11.58450704,22.07746479,28.1314554,1.905775076,10:00,18:00,8,9.80%
基湖路120巷,18.41920375,29.25995316,38.92974239,1.588556898,10:00,18:00,8,9.40%
基湖路157巷,11.24413146,18.76760563,12.78873239,1.669102296,10:00,18:00,8,18.30%
基湖路166巷,3.693045564,4.697841727,2.48441247,1.272077922,10:00,15:00,5,37.80%
基湖路35巷2弄,88.15650173,84.99424626,143.3659379,0.964129073,9:00,17:00,8,7.40%
基湖路3巷,96.75862069,91.26781609,147.7586207,0.943252554,9:00,17:00,8,7.70%
基隆路三段155巷,64.63678161,128.3678161,113.0827586,1.985987125,9:00,17:00,8,14.20%
基隆路一段,1.368932039,1.368932039,2.116504854,1,7:00,20:00,13,5.00%
基隆路一段102巷,139.1356322,385.6091954,136.0586207,2.77146256,7:00,20:00,13,21.80%
基隆路一段172巷,45.16091954,114.5643678,23.36781609,2.536803258,7:00,20:00,13,37.70%
吉林路A,60.17051071,111.0354201,36.17957166,1.845346147,7:00,20:00,13,23.60%
吉林路B,46.70352941,89.75529412,30.85411765,1.921809663,7:00,20:00,13,22.40%
吉林路C,20.79865772,34.22231544,11.12583893,1.64540981,7:00,20:00,13,23.70%
吉林路D,26.00413907,46.82864238,15.25248344,1.800814949,7:00,20:00,13,23.60%
吉祥路,18.10596026,33.52980132,9.238410596,1.851865399,7:00,20:00,13,27.90%
濟南路二段,62.2,106.5185484,46.36693548,1.712516855,7:00,20:00,13,17.70%
濟南路一段,222.4568889,320.7813333,182.7226667,1.441993255,7:30,20:00,12.7,13.80%
嘉興街,11.16666667,32.83333333,11.66666667,2.940298507,7:00,20:00,13,21.60%
建國北路1段124巷,15.8,24.62,8.3,1.558227848,7:00,20:00,13,22.80%
建國北路1段138巷,27.82,56.34,22.6,2.025161754,7:00,20:00,13,19.20%
建國北路1段23巷,12.24884793,24.47926267,9.423963134,1.998495109,7:00,20:00,13,20.00%
建國北路1段33巷,50.60689655,97.14942529,35.08965517,1.919687472,7:00,20:00,13,21.30%
建國北路1段88巷,46.86,85.44,30.3,1.823303457,7:00,20:00,13,21.70%
建國北路1段92巷,76.1862069,126.3885057,60.68965517,1.658942096,7:00,20:00,13,16.00%
建國北路3段93巷5弄,31.15172414,40.46436782,29.40689655,1.298944727,9:00,17:00,8,17.20%
建國北路二段,57.69681398,75.37204522,50.10380267,1.306346746,7:00,20:00,13,11.60%
建國北路二段A,35.37880033,61.3705834,23.18323747,1.734671126,7:00,20:00,13,20.40%
建國北路橋下A區,167.8391608,410.6783217,216.5979021,2.446856381,7:00,22:00,15,12.60%
建國北路橋下B區,354.6631944,979.1284722,561.8402778,2.760727607,7:00,22:00,15,11.60%
建國北路橋下C區,114.7555556,252.6444444,129.4444444,2.201587916,7:00,22:00,15,13.00%
建國北路橋下C區與D區間迴轉道,140.8444444,250.2222222,91.11111111,1.776585674,7:00,22:00,15,18.30%
建國北路橋下D區,103.3181818,220.0340909,111.6818182,2.129674439,7:00,22:00,15,13.10%
建國北路橋下O區,168.4006969,417.0766551,278.7944251,2.476691978,7:00,21:30,14.5,10.30%
建國北路三段,95.58570268,156.8570268,65.75792039,1.641009298,7:00,20:00,13,18.30%
建國北路三段113巷,45.53333333,49.91494253,34.31724138,1.096228606,9:00,17:00,8,18.20%
建國北路一段,3.743338008,4.415147265,2.197755961,1.179467966,8:00,20:00,12,16.70%
建國南路1段65巷,5,6,10,1.2,7:00,20:00,13,4.60%
建國南路二段,8.967479675,15.26558266,6.634146341,1.702326987,7:00,20:00,13,17.70%
建國南路二段151巷,14.17798913,21.5638587,12.41440217,1.520939147,7:00,20:00,13,13.40%
建國南路高架橋下A段,401.2486772,915.8783069,430.4074074,2.282570283,7:30,21:30,14,15.20%
建國南路高架橋下B段,189.1935484,452.6827957,398.9462366,2.392696789,7:30,21:30,14,8.10%
建國南路高架橋下C段,97.31914894,307.4255319,156.5106383,3.158941845,7:30,21:30,14,14.00%
建國南路高架橋下D1段,149.2936047,339.6947674,167.9505814,2.27534708,7:30,21:30,14,14.40%
建國南路高架橋下D2段,168.9882353,450.7152941,230.3435294,2.667140072,7:30,21:30,14,14.00%
建國南路高架橋下D3段,145.4382979,403.8404255,141.4234043,2.77671309,7:30,21:30,14,20.40%
建國南路高架橋下D段,108.352071,264.9289941,86.47928994,2.445075499,7:30,21:30,14,21.90%
建國南路高架橋下E段,88.98932384,314.0338078,297.1957295,3.528893066,7:30,21:30,14,7.50%
建國南路高架橋下F段,181.9556213,404.2278107,127.183432,2.221573633,7:00,22:00,15,21.20%
建國南路一段(機車),22.05992509,16.48314607,76.75468165,0.747198642,12:00,20:00,8,2.70%
建國南路一段A,78.98689139,62.70224719,111.5842697,0.793831053,12:00,20:00,8,7.00%
建國南路一段B,27.58923885,30.25853018,25.42913386,1.096751177,7:00,20:00,13,9.20%
健康路15巷,54.94252874,111.8229885,33.68045977,2.035271967,7:00,20:00,13,25.50%
健康路325巷,23.01035673,48.64902186,23.63981588,2.114222845,7:00,20:00,13,15.80%
健康路325巷19弄,15.64367816,31.44137931,19.93103448,2.009845702,9:00,17:00,8,19.70%
健康路325巷5弄,15.09907834,37.42857143,19.92626728,2.478864642,9:00,17:00,8,23.50%
健康路B,102.2538462,202.8282051,120.4692308,1.983575315,7:00,20:00,13,13.00%
健康路C,25.25057471,50.54252874,33.11264368,2.001638747,9:00,17:00,8,19.10%
健康路YA0,38.85165794,88.9947644,44.7452007,2.290629773,9:00,17:00,8,24.90%
健康路ZA0,47.72521008,97.64453782,47.20756303,2.045973976,9:00,17:00,8,25.90%
劍潭堤外停車場,101.7402299,41.60689655,413.6505747,0.408952256,9:00,17:00,8,1.30%
劍潭路東側,53.2,112.4,75.84,2.112781955,9:00,17:00,8,18.50%
教育大學大客車平面,14.10872314,17.4323641,99.21871049,1.235573477,10:00,18:00,8,2.20%
金湖臨時平面停車場,33.22413793,95.58735632,80.30344828,2.877045494,9:00,17:00,8,14.90%
金湖路,1.357142857,1.357142857,1.142857143,1,9:00,17:00,8,14.80%
金華街A,75.70932358,143.3263254,46.74680073,1.893113274,7:00,20:00,13,23.60%
金華街B,150.137931,260.9022989,100.3793103,1.737750727,7:00,20:00,13,20.00%
金龍路,82.34482759,152.8275862,134.2528736,1.855946399,9:00,17:00,8,14.20%
金山南路二段,52.08867925,63.95471698,33.81132075,1.227804542,7:00,20:00,13,14.60%
金山南路二段30巷,29.98083067,55.35543131,24.62619808,1.846360827,10:00,16:00,6,37.50%
金山南路一段,63.24077047,79.62600321,48.16211878,1.25909287,7:00,20:00,13,12.70%
錦西街,68.21105142,111.0491174,70.00690714,1.628022367,0:00,9:00,9,17.60%
錦西街38巷,36.73672055,66.09006928,44.23094688,1.7990193,9:00,17:00,8,18.70%
錦西街53巷,48.56128134,71.83844011,73.63370474,1.479335762,9:00,17:00,8,12.20%
錦州街A,17.7687813,35.9490818,10.13522538,2.023159675,7:00,15:00,8,44.30%
錦州街B,15.87903226,32.02956989,10.69354839,2.017098358,7:00,20:00,13,23.00%
錦州街C,118.801141,231.395273,80.56153219,1.947752952,7:00,20:00,13,22.10%
經貿二路62巷,36.4783715,80.12722646,45.88167939,2.19656808,9:00,17:00,8,21.80%
景福街,101.2278481,216.0506329,287.3164557,2.134300363,9:00,17:00,8,9.40%
景華街,97.56235828,179.8537415,171.1156463,1.843474724,9:00,17:00,8,13.10%
景華街128巷,24.60533333,41.80266667,40.704,1.698927062,9:00,17:00,8,12.80%
景華街97巷,16.80609418,29.36842105,39.39058172,1.747486402,9:00,17:00,8,9.30%
景隆街,45.17391304,101.5478261,83.13043478,2.247930703,9:00,17:00,8,15.30%
景文街,5.464646465,10.57575758,2.696969697,1.935304991,9:00,17:00,8,49.00%
景文平面廣場,72.36091954,128.4885057,79.05862069,1.775661594,9:00,17:00,8,20.30%
景興路,130.9956188,223.1073384,193.4972618,1.703166414,8:00,17:00,9,12.80%
景興路282巷,16.5316129,26.21419355,11.16516129,1.585700905,9:00,17:00,8,29.30%
景興路46巷,18.32087629,37.04252577,32.33891753,2.02187522,9:00,17:00,8,14.30%
敬業二路,121.9609195,191.1586207,62.55632184,1.56737602,10:00,18:00,8,38.20%
敬業二路69巷,47.52873563,73.17011494,39.91494253,1.53949214,10:00,18:00,8,22.90%
敬業三路177巷,18.19124424,39.66589862,19.30645161,2.180493984,10:00,18:00,8,25.70%
敬業一路,162.9931034,257.7770115,236.0735632,1.581520973,10:00,18:00,8,13.60%
敬業一路128巷,92.38660907,135.6609071,70.60475162,1.468404442,7:00,18:00,11,17.50%
敬業一路36巷,19.86866359,35.88709677,60.85714286,1.806215934,10:00,18:00,8,7.40%
酒泉街,43.52831715,64.6197411,52.50809061,1.484544897,9:00,17:00,8,15.40%
舊宗路1段150巷,83.05583756,115.5634518,128.2994924,1.391394695,9:00,17:00,8,11.30%
舊宗路2段121巷,14.16541353,13.69924812,9.92481203,0.967091295,9:00,17:00,8,17.30%
舊宗路2段135巷,33.62702703,37.35675676,98.34594595,1.110914644,9:00,17:00,8,4.70%
舊宗路2段171巷,12.59411012,20.10115237,14.95006402,1.596075641,13:00,17:00,4,33.60%
舊宗路2段181巷,56.61547344,60.93418014,76.70207852,1.076281384,13:00,17:00,4,19.90%
舊宗路2段213巷,85.54942529,76.50804598,448.4827586,0.894313968,9:00,17:00,8,2.10%
舊宗路二段,3.939759036,1.662650602,105.060241,0.422018349,9:00,17:00,8,0.20%
莒光路299巷,22.88940092,55.12211982,39.26267281,2.408194081,9:00,17:00,8,17.50%
莒光路A,48.03926097,72.79445727,70.37182448,1.515311764,9:00,17:00,8,12.90%
莒光路B,40.44931062,75.60746148,69.43633414,1.86919036,9:00,17:00,8,13.60%
開封街二段,281.9690211,326.1462206,308.1920694,1.156673947,9:00,21:00,12,8.80%
開封街一段A（累進計時）,31.33997785,44.70985604,23.47065338,1.426607774,7:00,20:00,13,14.70%
開封街一段B（含機車）,144.2394958,144.2394958,204.3347339,1,7:00,20:00,13,5.40%
開封街一段C（含機車）,79.69781553,82.87257282,85.10558252,1.039834935,9:00,17:00,8,12.20%
康定路,4.596268024,6.408821035,5.474978796,1.394353202,9:00,17:00,8,14.60%
康寧路1段,49.6547619,98.61904762,101.7142857,1.986094462,9:00,17:00,8,12.10%
克強路,50.87126437,70.53793103,44.45287356,1.386596773,9:00,17:00,8,19.80%
庫倫街,13.25728155,20.62378641,11.53398058,1.555657268,9:00,17:00,8,22.40%
昆明街A,224.8938945,249.5174867,159.5797273,1.109489821,9:00,21:00,12,13.00%
昆明街C,69.08366854,124.5969429,69.3692679,1.803565814,9:00,17:00,8,22.50%
昆陽街,15.71428571,31.5952381,14.9047619,2.010606061,9:00,17:00,8,26.50%
昆陽街157巷,20.25,44.36111111,21.75,2.190672154,9:00,17:00,8,25.50%
蘭雅公園(至德行東路),39.85172414,69.76436782,34.25977011,1.750598483,9:00,17:00,8,25.50%
蘭雅公園(至忠誠路二段),48.20967742,84.71428571,46.33640553,1.75720499,9:00,17:00,8,22.90%
蘭州街A,8.222222222,14.11111111,8.666666667,1.716216216,9:00,17:00,8,20.40%
蘭州街B,10.77777778,17.44444444,14.66666667,1.618556701,9:00,17:00,8,14.90%
樂利路,51.9495935,117.1512195,33.20813008,2.255094056,7:00,20:00,13,27.10%
樂群二路,173.5912548,226.0874525,403.5703422,1.302412687,10:00,18:00,8,7.00%
樂群二路265巷,30.36153846,62.34807692,97.99230769,2.053521662,12:00,20:00,8,8.00%
樂群二路266巷,35.75632184,49.00229885,92.28275862,1.370451331,10:00,18:00,8,6.60%
樂群二路30巷,30.59907834,59.13824885,72.78341014,1.932680723,10:00,18:00,8,10.20%
樂群路2段116巷,4.589861751,7.49078341,20.00691244,1.632028112,10:00,18:00,8,4.70%
樂群平面停車場,147.3714822,212.7035647,241.7091932,1.443315637,14:00,18:00,4,22.00%
樂群三路,159.771518,226.4115806,258.3239437,1.41709601,10:00,20:00,10,8.80%
樂業街,20.94055482,54.42007926,20.40819022,2.598788796,9:00,17:00,8,33.30%
黎富公園周邊,4.727436823,11.34115523,3.749097473,2.399007255,9:00,17:00,8,37.80%
立德路,96.05402299,236.4356322,104.5494253,2.461485993,9:00,17:00,8,28.30%
立農街2段,15.125,15.125,30,1,0:00,9:00,9,5.60%
麗山街,83.36,159.245,99.1475,1.910328695,9:00,17:00,8,20.10%
麗山街37巷,38.88529015,82.30634278,55.40620783,2.116644687,9:00,17:00,8,18.60%
涼州街A,27.33103448,41.76091954,28.97931034,1.527967028,9:00,17:00,8,18.00%
涼州街B,106.5417559,146.1627409,101.4218415,1.371882223,9:00,17:00,8,18.00%
遼寧街116巷,5.18287037,16.01388889,2.875,3.08977222,7:00,20:00,13,42.80%
遼寧街128巷,47.58850575,83.76781609,55.17241379,1.760253128,7:00,20:00,13,11.70%
遼寧街A,54.13793103,108.045977,51.24482759,1.995753715,7:00,20:00,13,16.20%
林口街,18.36133487,45.26006904,16.78135788,2.464966157,9:00,17:00,8,33.70%
林森北路310巷,6.965437788,15.75345622,3.115207373,2.261660602,7:00,20:00,13,38.90%
林森北路A,49.21172638,91.68811075,29.67019544,1.863135425,7:00,20:00,13,23.80%
林森北路B,25.01333333,42.08222222,10.75555556,1.682391613,7:00,20:00,13,30.10%
林森北路C,37.60629921,79.67519685,31.29133858,2.118666248,7:00,20:00,13,19.60%
林森南路,146.8008915,272.2466568,114.2719168,1.854529996,7:00,20:00,13,18.30%
林森南路61巷,78.09195402,87.15402299,50.99770115,1.116043568,7:00,20:00,13,13.10%
林森南路8巷,13.31372549,24.62091503,4.009803922,1.849288169,7:00,20:00,13,47.20%
臨沂街,34.59707447,59.93484043,21.08643617,1.732367298,7:00,20:00,13,21.90%
柳州街,24.48379447,45.33754941,24.03794466,1.851737053,9:00,17:00,8,23.60%
龍江路120巷,5.856812933,14.852194,2.452655889,2.535883281,7:00,20:00,13,46.60%
龍江路124巷,23.11778291,38.09237875,14.18937644,1.647752248,7:00,20:00,13,20.70%
龍江路132巷,24.57011494,36.94942529,16.57011494,1.503836078,7:00,20:00,13,17.20%
龍江路298巷,24.29655172,47.15402299,24.68965517,1.940770177,9:00,17:00,8,23.90%
龍江路345巷,25.54679376,53.12045061,23.78422877,2.079339235,9:00,17:00,8,27.90%
龍江路55巷,37.35402299,84.13103448,26.59310345,2.252261678,7:00,20:00,13,24.30%
龍江路A,31.07295597,51.69056604,37.08930818,1.663522649,9:00,17:00,8,17.40%
龍江路B,7.315665489,11.50294464,4.127208481,1.572371599,7:00,20:00,13,21.40%
龍江路C,40.72652389,75.23228995,25.14085667,1.84725537,7:00,20:00,13,23.00%
龍江路D,134.3118132,251.4752747,104.7403846,1.872324323,7:00,20:00,13,18.50%
羅斯福路四段90巷,15.62672811,15.76958525,15.2764977,1.009141846,7:00,15:00,8,12.90%
洛陽街,87.08502224,100.3994068,71.13297084,1.152889489,9:00,21:00,12,11.80%
美德街平面,27.16625616,50.0591133,23.35837438,1.842694592,9:00,17:00,8,26.80%
美堤河濱公園,108.2885662,38.13611615,482.8058076,0.352171217,9:00,17:00,8,1.00%
艋舺大道,72.70181219,131.4736409,125.2347611,1.808395649,9:00,17:00,8,13.10%
民樂街A,31.14712644,23.03218391,18.86206897,0.739464167,9:00,17:00,8,15.30%
民樂街B,57.87011494,86.59655172,42.14252874,1.496395019,9:00,17:00,8,25.70%
民權東路2段113巷,19.75172414,19.58850575,7.264367816,0.991736499,7:00,20:00,13,20.70%
民權東路6段21巷,65.15862069,135.1954023,141.3908046,2.074865933,9:00,17:00,8,12.00%
民權東路6段56巷,20.51720183,53.92545872,19.48165138,2.628304734,9:00,17:00,8,34.60%
民權東路二段A,31.68068331,39.76215506,15.68331143,1.25509146,7:00,20:00,13,19.50%
民權東路二段B,19.75632184,21.0183908,6.583908046,1.063881778,7:00,20:00,13,24.60%
民權東路二段C,11.86997434,16.04619333,6.72540633,1.351830499,9:00,17:00,8,29.80%
民權東路六段,51.27468582,67.78456014,57.68402154,1.321988796,9:00,17:00,8,14.70%
民權東路六段,51.27468582,67.78456014,57.68402154,1.321988796,10:00,17:00,7,16.80%
民權東路六段15巷,130.2091954,182.2390805,166.2367816,1.399586872,9:00,17:00,8,13.70%
民權東路六段19巷,128.2378378,231.1783784,540.2324324,1.802731411,9:00,17:00,8,5.30%
民權東路三段,66.70136396,96.45872218,56.22828428,1.446128182,7:00,20:00,13,13.20%
民權東路三段39巷,87.31034483,172.0137931,124.2252874,1.97014218,9:00,17:00,8,17.30%
民權東路三段A,31.50804598,44.42643678,20.5954023,1.410002918,7:00,17:00,10,21.60%
民權東路四段A,22.23040936,53.72046784,77.49590643,2.416530752,9:00,17:00,8,8.70%
民權東路四段B,47.39622642,77.82704403,105.0314465,1.642051486,7:00,20:00,13,5.70%
民權東路五段,37.59792285,33.60979228,46.76706231,0.893926838,7:00,20:00,13,5.50%
民權西路,5.050505051,3.939393939,2.949494949,0.78,9:00,17:00,8,16.70%
民權西路102巷,38.93661972,62.46478873,53.5258216,1.604268403,9:00,17:00,8,14.60%
民權西路144巷19弄,9.535305344,17.44656489,6.142175573,1.829680777,9:00,17:00,8,35.50%
民善街,114.6252874,242.2068966,150.2275862,2.113031968,9:00,17:00,8,20.20%
民生東路5段137巷,51.5,214,40.5,4.155339806,9:00,17:00,8,66.00%
民生東路5段137巷6弄,39.5,206.5,51,5.227848101,9:00,17:00,8,50.60%
民生東路5段69巷1弄,11,63.5,12,5.772727273,9:00,17:00,8,66.10%
民生東路5段69巷21弄,13.5,83,24,6.148148148,9:00,17:00,8,43.20%
民生東路5段69巷2弄,48.5,299,63,6.164948454,9:00,17:00,8,59.30%
民生東路5段69巷3弄,10.5,67,9,6.380952381,9:00,17:00,8,93.10%
民生東路5段69巷4弄,40,237.5,32,5.9375,9:00,17:00,8,92.80%
民生東路二段,67.56014493,93.83478261,45.28550725,1.388907361,7:00,20:00,13,15.90%
民生東路二段A,24.727948,36.07706592,19.01485608,1.458959147,9:00,17:00,8,23.70%
民生東路二段B,31.2898914,52.07101086,18.74352548,1.664148022,7:00,20:00,13,21.40%
民生東路三段,177.9338549,240.2816501,154.5846373,1.350398721,7:00,20:00,13,12.00%
民生東路四段131巷,35.79310345,96.40229885,32.98275862,2.693320488,9:00,17:00,8,36.50%
民生東路四段80巷,9.970518868,18.9375,3.016509434,1.899349497,7:00,20:00,13,48.30%
民生東路四段97巷,6.146990741,15.88657407,3.292824074,2.584447373,7:00,20:00,13,37.10%
民生東路五段,128.9861111,160.3210784,111.1928105,1.242932879,7:00,20:00,13,11.10%
民生東路五段27巷,72.16551724,152.5287356,82.6137931,2.113595821,9:00,17:00,8,23.10%
民生東路五段27巷9弄,33.49539171,84.93548387,54.37096774,2.535736397,9:00,17:00,8,19.50%
民生東路五段36巷,33.17846608,64.820059,30.32743363,1.953678595,7:00,20:00,13,16.40%
民生東路五段69巷,30.40574713,61.32988506,24.07126437,2.017049106,7:00,20:00,13,19.60%
民生東路一段,47.60866013,82.36846405,27.96732026,1.730115148,7:00,20:00,13,22.70%
民生西路,68.43649518,83.43729904,72.27170418,1.219193046,9:00,17:00,8,14.40%
民生西路423巷,20.06666667,12.39310345,8.979310345,0.617596517,9:00,17:00,8,17.30%
民生西路A,21.93706294,22.44055944,17.08741259,1.022951865,9:00,21:30,12.5,10.50%
民族東路,25.40816327,59.87755102,58.30612245,2.356626506,9:00,17:00,8,12.80%
民族東路410巷2弄,6.068674699,6.144578313,2.76626506,1.012507445,9:00,17:00,8,27.80%
民族東路512巷,1.702702703,3.932432432,1.032432432,2.30952381,9:00,17:00,8,47.60%
民族東路A,54.61609195,110.7793103,128,2.0283273,9:00,17:00,8,10.80%
民族東路B,22.52988506,58.66321839,31.33103448,2.603795725,8:00,16:00,8,23.40%
民族東路C,34.66269165,46.05621806,56.6967632,1.328697105,9:00,17:00,8,10.20%
民族西路,107.4696612,134.1221434,122.679275,1.248000059,9:00,17:00,8,13.70%
明德路,104.1448276,172.3103448,148.8275862,1.65452619,9:00,17:00,8,14.50%
明德路337巷,91.95790816,139.3035714,112.7244898,1.514862334,9:00,17:00,8,15.40%
明水路,247.959381,364.7833656,474.9787234,1.47114162,10:00,18:00,8,9.60%
明水路494巷,4.917647059,8.388235294,9.569411765,1.705741627,11:00,16:00,5,17.50%
明水路581巷,63.92760181,86.23076923,55.52488688,1.348881653,7:00,20:00,13,11.90%
明水路606巷,19.45243619,25.95823666,10.03016241,1.334446565,11:00,18:00,7,37.00%
明水路672巷,19.6500994,28.00994036,17.42544732,1.425435047,10:00,17:00,7,23.00%
木柵路二段,30.1609589,43.32876712,39.35388128,1.436584535,9:00,17:00,8,13.80%
木柵路五段,7.910179641,2.083832335,13.07784431,0.26343679,8:00,18:00,10,1.60%
木柵路一段,117.2699029,175.1980583,93.22330097,1.493972911,9:00,17:00,8,23.50%
木柵新光河川平面場,362.6473934,648.5251185,1263.665403,1.788307679,9:00,17:00,8,6.40%
木新路1段,65.12356322,94.74137931,78.36781609,1.454794158,9:00,17:00,8,15.10%
木新路2段,116.7598647,162.7452086,168.0642616,1.393845471,9:00,17:00,8,12.10%
南昌路2段(A),4.756684492,4.756684492,2.593582888,1,9:00,17:00,8,22.90%
南昌路2段(B),15.94951665,29.45435016,14.97422127,1.846723685,9:00,17:00,8,24.60%
南昌路二段,11.00254669,14.57809847,6.25466893,1.324974925,9:00,17:00,8,29.10%
南昌路一段,77.75,123.5714286,63.43555901,1.589343133,9:00,17:00,8,24.30%
南港路3段,45.66,94.24,73.88,2.063950942,9:00,17:00,8,15.90%
南港路一段,77.15415658,116.1928975,80.52058111,1.505983639,9:00,17:00,8,18.00%
南港路一段277巷,31.23963134,68.11290323,31.08986175,2.180336333,7:00,20:00,13,16.90%
南港路一段287巷2弄,16.71643519,40.04166667,14.03472222,2.395347227,7:00,20:00,13,21.90%
南海路A,19.87567084,33.33273703,13.19320215,1.677062238,9:00,17:00,8,31.60%
南海路B,15.81341463,28.26829268,15.23414634,1.787614714,9:00,17:00,8,23.20%
南京東路3段89巷5弄,10.02068966,19.61609195,4.420689655,1.957559073,7:00,20:00,13,34.10%
南京東路3段及長春路,25.91954023,41.12413793,15.08735632,1.586607539,7:00,20:00,13,21.00%
南京東路4段120巷,9.555555556,37.5,5.555555556,3.924418605,7:00,20:00,13,51.90%
南京東路6段東側,133.0714286,342.4047619,467.7619048,2.573089998,9:00,17:00,8,9.20%
南京東路6段西側,21.5,50.84444444,144.8777778,2.364857881,9:00,17:00,8,4.40%
南京東路三段338巷,48.52386781,98.63892289,24.1872705,2.032791847,7:00,20:00,13,31.40%
南京東路五段66巷,8.174432497,17.59139785,2.845878136,2.152002338,7:00,20:00,13,47.50%
南京東路五段66巷22弄,37.38045977,79.74482759,21.69310345,2.133329233,7:00,20:00,13,28.30%
南京西路302巷,23.05517241,49.52183908,27.33563218,2.147970884,9:00,17:00,8,22.60%
南京西路344巷,11.31322506,24.14849188,10.55684455,2.134536505,9:00,17:00,8,28.60%
南京西路A,9.021356784,10.68844221,5.384422111,1.184793204,8:00,17:00,9,22.10%
南京西路B,98.16339066,116.3660934,75.68796069,1.185432701,9:00,18:00,9,17.10%
南寧路,13.19774501,23.82827407,11.80138768,1.805480712,9:00,16:00,7,28.80%
南陽街（含機車）,218.4558824,218.4558824,164.6691176,1,9:00,17:00,8,16.60%
南陽街無名巷（機車計次）,48.82298851,48.82298851,46.68045977,1,9:00,17:00,8,13.10%
內湖路2段,90.11764706,204.4235294,174.1058824,2.268407311,9:00,17:00,8,14.70%
內湖路2段179巷,10.97619048,25.95238095,27.04761905,2.364425163,9:00,17:00,8,12.00%
內湖路3段,3.285714286,7.6,2.514285714,2.313043478,9:00,17:00,8,37.80%
內湖路二段,21.37579618,44.94904459,22.07261146,2.102800954,0:00,9:00,9,22.60%
內湖路二段103巷,56.25945946,113.6675676,53.45945946,2.020416987,9:00,17:00,8,26.60%
內湖路一段120巷及15弄,43.27586207,50.96206897,66.4954023,1.177609562,9:00,17:00,8,9.60%
內湖路一段288巷,24.13333333,25.01264368,65.32068966,1.036435512,9:00,17:00,8,4.80%
內湖路一段32巷,25.28518519,41.62222222,36.38518519,1.64611103,12:00,20:00,8,14.30%
內湖路一段518巷,53.14099617,60.52260536,82.10114943,1.138906113,9:00,17:00,8,9.20%
內湖路一段737巷51弄,13.46280992,22.50964187,7.713498623,1.671986904,9:00,17:00,8,36.50%
內江街,51.26027397,99.47381144,59.01772764,1.940563398,9:00,17:00,8,21.10%
寧安街,14.22222222,48,10.36111111,3.375,7:00,20:00,13,35.60%
寧波東街,15.84621993,29.55756014,11.34621993,1.865275142,9:00,17:00,8,32.60%
寧波西街,12.61149425,23.09655172,14.52413793,1.83138899,9:00,17:00,8,19.90%
寧波西街A,7.51954023,12.04137931,7.843678161,1.601345154,9:00,17:00,8,19.20%
寧波西街Y00,66.41534009,131.2937771,111.9363242,1.976859216,9:00,17:00,8,14.70%
寧波西街Z00,69.19586777,111.1173554,57.5677686,1.605838021,9:00,17:00,8,24.10%
寧夏路A,19.86495177,27.29662379,16.34565916,1.374109744,9:00,17:00,8,20.90%
寧夏路B,26.16693419,38.56741573,25.83788122,1.473898908,9:00,17:00,8,18.70%
農安街,213.4498382,360.3050162,151.552589,1.688007914,7:00,20:00,13,18.30%
平陽街,45.15977011,92.62873563,50.01034483,2.051133905,9:00,17:00,8,23.20%
前港街,80.16091954,142.8724138,91.38390805,1.782320046,9:00,17:00,8,19.50%
青島東路,208.0565254,374.9667498,172.4630091,1.80223499,9:00,19:00,10,21.70%
青島西路（含機車）,264.1659751,264.1659751,172.5228216,1,7:00,20:00,13,11.80%
青年路,130.0701149,239.7390805,186.4931034,1.843152676,9:00,17:00,8,16.10%
青年路68巷,22.72873563,49.82988506,30.37011494,2.192373824,9:00,17:00,8,20.50%
慶城街,58.82417582,133.5321821,43.55180534,2.27002215,7:00,20:00,13,23.60%
泉州街A(含6巷),145.4206897,282.9241379,176.0298851,1.945556293,9:00,17:00,8,20.10%
泉州街B,26.09980806,41.74856046,30.53454894,1.599573467,9:00,17:00,8,17.10%
仁愛路二段,83.98983051,115.5652542,86.80084746,1.375943415,7:00,20:00,13,10.20%
仁愛路三段A,50.27791165,69.55662651,48.7373494,1.383443032,7:00,20:00,13,11.00%
仁愛路三段B,57.51386482,93.63258232,43.70710572,1.628000181,8:00,20:00,12,17.90%
仁愛路四段222巷,63.16321839,118.4574713,61.51724138,1.875418547,9:00,17:00,8,24.10%
仁愛路四段452巷,39.34585492,68.8873057,43.50906736,1.750814815,9:00,17:00,8,19.80%
仁愛路四段A,16.61397671,26.69717138,7.754575707,1.606910366,7:00,20:00,13,26.50%
仁愛路四段B,11.71679198,17.85839599,4.794486216,1.524171123,7:00,20:00,13,28.70%
仁愛路四段C,1.617283951,1.617283951,1.086419753,1,9:00,17:00,8,18.60%
仁愛路一段,75.95528805,105.5743766,96.6044712,1.389954266,7:00,20:00,13,8.40%
瑞安街,55.57931034,101.7747126,47.91264368,1.831161848,8:00,17:00,9,23.60%
瑞安街208巷11弄及24弄,61.66281755,112.2332564,66.62355658,1.82011236,8:00,17:00,9,18.70%
瑞安街81巷,12.87788018,25.31797235,8.911290323,1.966004652,8:00,17:00,9,31.60%
瑞光路112巷,16.57076566,28.03480278,9.11136891,1.691823019,9:00,17:00,8,38.50%
瑞光路122巷41弄及42弄,5.496907216,10.94226804,5.680412371,1.990622656,9:00,17:00,8,24.10%
瑞光路132巷,83.49425287,249.8850575,171.2781609,2.99284141,9:00,17:00,8,18.20%
瑞光路188巷,35.96543779,35.50345622,57.01382488,0.987154847,9:00,17:00,8,7.80%
瑞光路258巷,46.56666667,59.1,81.55172414,1.269148175,9:00,17:00,8,9.10%
瑞光路26巷20弄及36弄,30.46666667,59.75862069,30.14942529,1.961442692,9:00,17:00,8,24.80%
瑞光路316巷,38.46997691,56.53926097,56.73556582,1.469698334,9:00,17:00,8,12.50%
瑞光路358巷30、36、38弄,73.52826087,89.83478261,103.4847826,1.221772167,9:00,17:00,8,10.90%
瑞光路478巷18弄,61.20344828,57.02183908,73.38390805,0.931676902,9:00,17:00,8,9.70%
瑞光路513巷22弄,224.8068966,193.0183908,294.1747126,0.858596394,9:00,15:00,6,10.90%
瑞光路66巷,39.55402299,75.83218391,33.73103448,1.917180053,9:00,17:00,8,28.10%
瑞光路76巷,51.2862069,85.07931034,44.69655172,1.658912123,9:00,17:00,8,23.80%
瑞光路76巷A,21.30848329,29.218509,15.5218509,1.371214863,9:00,17:00,8,23.50%
瑞光市場平面停車場,101.9436782,220.5206897,122.4931034,2.163161989,9:00,17:00,8,22.50%
瑞湖街,45.69885057,44.9816092,78.88965517,0.984305046,9:00,17:00,8,7.10%
瑞湖街178巷,31.42232451,33.72727273,58.69620253,1.073353842,13:00,17:00,4,14.40%
三福街4巷,24.4183908,46.01609195,29.44827586,1.884485031,9:00,17:00,8,19.50%
三合街1段,23.08823529,23.08823529,60.67647059,1,9:00,17:00,8,4.80%
三合街2段,24.45833333,24.45833333,60.75,1,9:00,17:00,8,5.00%
三腳渡平面廣場,66.94579008,25.94694348,175.6793541,0.387581407,9:00,17:00,8,1.80%
三民路,50.96091954,82.07701149,28.42758621,1.610587333,7:00,20:00,13,22.20%
三民路101巷,51.5,307.5,123,5.970873786,9:00,17:00,8,31.20%
三民路155巷,45.5,273.5,74,6.010989011,9:00,17:00,8,46.20%
三民路167巷,50.5,308,110,6.099009901,9:00,17:00,8,35.00%
三民路35巷,14.90574713,29.65517241,15.67356322,1.989512647,9:00,17:00,8,23.70%
三民路62巷,41.11981567,108.4585253,81.62211982,2.637621876,9:00,17:00,8,16.60%
三民路68巷,15.31358885,36.82694541,24.02090592,2.404854001,9:00,17:00,8,19.20%
三民路74巷,6.243055556,13.45138889,7.296296296,2.15461624,7:00,20:00,13,14.20%
三元街,86.48199234,135.4681992,127.4084291,1.566432451,9:00,17:00,8,13.30%
三重路,22.09148666,38.10800508,22.42185515,1.725008628,7:00,20:00,13,13.10%
廈門街113巷,33.82331175,76.4079556,38.86308973,2.259032355,10:00,17:00,7,28.10%
紹興北街,2.639455782,4.412244898,1.227210884,1.671649485,7:00,20:00,13,27.70%
紹興南街,124.625575,188.2042318,145.9779209,1.51015738,7:00,20:00,13,9.90%
紹興南街A,47.12937063,72.46503497,27.94289044,1.537576972,7:00,20:00,13,19.90%
社中街,23.11111111,31.33333333,39,1.355769231,9:00,17:00,8,10.00%
社子公園周邊,19.84,45.39,50.46,2.287802419,9:00,17:00,8,11.20%
社子街,8.333333333,14.55555556,10,1.746666667,9:00,17:00,8,18.20%
師大路,12.06097561,22.51219512,13.31707317,1.86653185,9:00,17:00,8,21.10%
師大路A,12.30837004,10.0660793,20.07929515,0.817823908,9:00,9:00,24,2.10%
師大路C,12.19861432,28.95150115,6.143187067,2.373343431,7:00,20:00,13,36.30%
士東路,120.0643678,181.6402299,162.4793103,1.512857088,9:00,17:00,8,14.00%
士東路200巷,20.37866354,26.08675264,20.43610785,1.280101248,9:00,17:00,8,16.00%
士東路A,118.5775194,149.4069767,103.9728682,1.259994116,9:00,17:00,8,18.00%
士林市場西側機車,24.6928839,24.6928839,65.09363296,1,12:00,20:00,8,4.70%
士商路A,79.11238825,112.6117497,72.03065134,1.423440149,7:00,20:00,13,12.00%
士商路B,61.51933702,121.5948435,94.67403315,1.97653046,9:00,17:00,8,16.10%
士商路C大車,22.32588454,27.87709497,22.90502793,1.248644591,8:00,22:00,14,8.70%
市民大道3段南側-機車,358.117757,289.7158879,243.5439252,0.808996153,12:00,20:00,8,14.90%
市民大道七段A,20.45744681,54.74042553,27.22978723,2.675819033,7:00,20:00,13,15.50%
市民大道五段,11.82473223,23.44206426,5.710808179,1.982460474,7:00,20:00,13,31.60%
市民大道一段,84.1951952,84.1951952,419.4654655,1,9:00,17:00,8,2.50%
市民大道一段北側,229.8942529,229.8942529,248,1,9:00,17:00,8,11.60%
雙城街,23.29119086,40.73817292,11.8858075,1.749080721,7:00,20:00,13,26.40%
雙和街,33.14,76.16,46.08,2.298129149,9:00,17:00,8,20.70%
雙全街,21.85185185,21.71604938,52.92592593,0.993785311,9:00,17:00,8,5.10%
雙溪公園平面,5.716049383,5.716049383,8.474074074,1,9:00,17:00,8,8.40%
雙溪街,100.2093023,100.1860465,410.7906977,0.999767928,9:00,17:00,8,3.00%
雙園街89巷,11.4183908,18.13103448,18.48275862,1.587880008,9:00,17:00,8,12.30%
水快橋下,79.73908046,30.10574713,277.2781609,0.377553227,9:00,16:00,7,1.60%
水源路A,72.52298851,145.4528736,168.0896552,2.005610587,9:00,17:00,8,10.80%
水源路B,5.552968568,11.62281723,5.469150175,2.093081761,9:00,17:00,8,26.60%
思源街,40.97931034,77.20689655,33.9862069,1.884045776,7:00,19:00,12,18.90%
四平街,48.36781609,86.26896552,38.0137931,1.783602662,7:00,19:00,12,18.90%
四維路,63.06297872,133.1685106,32.23914894,2.111674921,7:00,20:00,13,31.80%
松德路,156.2124394,315.098546,117.6785137,2.017115584,7:00,20:00,13,20.60%
松德路168巷,61.68505747,139.7965517,41.13448276,2.266295233,7:00,20:00,13,26.10%
松德路180巷,17.41724138,40.08275862,8.617241379,2.30132647,7:00,20:00,13,35.80%
松高路20巷,675.3057471,675.3057471,668,1,12:00,20:00,8,12.60%
松河街,48.98333333,53.43846154,126.3717949,1.09095192,9:00,17:00,8,5.30%
松江路,40.74712644,89.57701149,155.7103448,2.198363893,9:00,17:00,8,7.20%
松江路188巷(中吉公園周邊),8.243678161,15.96551724,2.983908046,1.936698271,7:00,20:00,13,41.20%
松江路25巷,55.77692308,114.12,38.51230769,2.046007447,7:00,17:00,10,29.60%
松江路357巷,42.54022989,45.55402299,15.9954023,1.070845717,7:00,20:00,13,21.90%
松江路469巷,7.717241379,13.3908046,3.112643678,1.73518022,7:00,20:00,13,33.10%
松江路84巷,51.86896552,92.09425287,30.12873563,1.77551744,7:00,20:00,13,23.50%
松江路85巷,38.32988506,71.15287356,17.34137931,1.856328905,7:00,20:00,13,31.60%
松江路90巷,63.61609195,99.65977011,34.98390805,1.566581144,7:00,20:00,13,21.90%
松江路A,41.48991354,62.01248799,28.2660903,1.494640087,7:00,20:00,13,16.90%
松江路B,3.211034483,3.557241379,1.984827586,1.107817869,9:00,20:00,11,16.30%
松江路C,10.07078652,8.494382022,8.466292135,0.843467589,7:00,20:00,13,7.70%
松江路D,7.487385321,6.936926606,2.694954128,0.92648185,7:00,20:00,13,19.80%
松江路E,1.511538462,0.869230769,1.115384615,0.575063613,7:00,20:00,13,6.00%
松隆路A,93.11532385,179.2432859,95.9328594,1.92496013,7:00,20:00,13,14.40%
松隆路B,44.12911184,85.84539474,31.41282895,1.945323419,7:00,20:00,13,21.00%
松隆路C,3.224489796,7.857142857,3.265306122,2.436708861,9:00,17:00,8,30.10%
松平路50巷,13.58735632,32.99425287,13.23793103,2.428305558,9:00,17:00,8,31.20%
松勤街140巷,5.490740741,12.87962963,6.675925926,2.345699831,9:00,17:00,8,24.10%
松仁路,75.74211503,120.1948052,62.81168831,1.586895285,7:00,20:00,13,14.70%
松山路,79.85678808,137.8932119,55.10678808,1.7267563,7:00,20:00,13,19.20%
松山路B,7.358870968,11.66532258,2.375,1.585205479,7:00,20:00,13,37.80%
松壽廣場北側巷,124.9700461,124.9700461,113.6059908,1,12:00,20:00,8,13.80%
松壽廣場南側停放區,81.25925926,81.25925926,88.75,1,12:00,20:00,8,11.40%
松信路,145.88583,271.6445344,104.7246964,1.862035089,7:00,20:00,13,20.00%
松勇路,44.06436782,108.9103448,43.94942529,2.471619366,7:00,20:00,13,19.10%
松勇路53巷,25.1091954,62.27126437,17.42988506,2.480018311,7:00,20:00,13,27.50%
松智路32巷,13.00229885,27.62988506,16.81609195,2.125,9:00,17:00,8,20.50%
松智路32巷8弄,20.20229885,42.43218391,28.3862069,2.100364133,9:00,17:00,8,18.70%
塔城街,48.18097448,71.51044084,29.82482599,1.48420495,7:00,20:00,13,18.40%
塔悠路,96.27208202,221.9045741,210.1845426,2.304973254,7:00,20:00,13,8.10%
太原路,70.44105854,99.72333601,55.76102646,1.415698998,8:00,17:00,9,19.90%
太原路A,33.803125,61.51953125,36.02109375,1.819936212,9:00,17:00,8,21.30%
泰安街,12.52941176,45.41176471,7.764705882,3.624413146,7:00,20:00,13,45.00%
潭美街A,97.93,236.19,609.5,2.411824773,9:00,17:00,8,4.80%
潭美街B,10.5952381,31.95238095,27.42857143,3.015730337,9:00,17:00,8,14.60%
桃源街（累進計時）,64.6570771,107.4672037,48.03452244,1.662110453,9:00,17:00,8,28.00%
天津街A,48.32527207,88.94316808,35.54292624,1.840510447,7:00,20:00,13,19.20%
天津街B,52.77625,123.585,45.0575,2.341678312,9:00,17:00,8,34.30%
天津街C,40.00229885,81.22643678,24.90344828,2.030544222,7:00,20:00,13,25.10%
天母北路,57.37878788,85.71969697,47.76515152,1.493926591,9:00,20:00,11,16.30%
天母東路,92.32222222,139.9455556,99.39888889,1.515838248,9:00,17:00,8,17.60%
天母西路,29.32876712,38.45205479,18.89041096,1.311069594,0:00,9:00,9,22.60%
天母西路130巷,21.69541779,39.00539084,21.79245283,1.797863089,8:00,17:00,9,19.90%
天母西路38巷,36.72329472,46.77992278,24.80566281,1.273848742,9:00,16:00,7,26.90%
天水路,32.87620579,59.63344051,30.68086817,1.813878429,8:00,17:00,9,21.60%
天祥路,34.32315113,63.68649518,30.52733119,1.855496745,9:00,19:00,10,20.90%
天玉街,78.23943662,140.2957746,132.0422535,1.793159316,0:00,9:00,9,11.80%
天玉街38巷,51.23728814,79.61538462,37.04041721,1.553856332,9:00,17:00,8,26.90%
汀州路二段Y00,28.44097693,32.91994573,27.52238806,1.157482945,9:00,17:00,8,15.00%
汀州路二段Z00,8.619755245,13.11888112,7.176573427,1.521955177,9:00,17:00,8,22.90%
汀州路三段,10.93206951,15.03949447,5.075039494,1.375722543,7:00,20:00,13,22.80%
汀州路三段104巷,20.69655172,43.66896552,12.31724138,2.109963346,7:00,20:00,13,27.30%
汀州路四段,84.63218391,166.8413793,150.7885057,1.971370365,9:00,17:00,8,13.80%
汀州路四段23巷,4.044226044,9.538083538,3.14987715,2.358444714,9:00,17:00,8,37.90%
汀州路一段A,33.59247889,50.28242517,36.34996163,1.496835805,9:00,17:00,8,17.30%
汀州路一段B,26.79254302,49.60994264,36.89866157,1.851632471,9:00,17:00,8,16.80%
汀洲路二段,7.648301194,15.640955,4.354453627,2.045023412,9:00,17:00,8,44.90%
通河東街1段,78.94444444,78.94444444,218.1666667,1,9:00,17:00,8,4.50%
通河東街2段,81.83333333,81.83333333,225.3333333,1,9:00,17:00,8,4.50%
通河西街1段,49.82853855,37.51898734,142.0034522,0.752961825,9:00,17:00,8,3.30%
通河西街2段,94.73678161,75.24137931,372.5206897,0.794215067,9:00,17:00,8,2.50%
通河西街一段堤外平面停車場,22.5879397,13.92127303,39.8040201,0.616314423,9:00,17:00,8,4.40%
通化街,21.38393574,48.81044177,13.037751,2.282575217,7:00,20:00,13,28.80%
同德路,44.63120567,59.87234043,40.78014184,1.341490545,9:00,17:00,8,18.40%
銅山街,4.823529412,13.94117647,2.941176471,2.890243902,7:00,20:00,13,36.50%
萬大路,145.2977011,213.1034483,179.2781609,1.466667721,9:00,17:00,8,14.90%
萬大路277巷33弄,8.56,16.62,20.52,1.941588785,9:00,17:00,8,10.10%
萬大路344巷,39.31034483,95.61149425,60.48735632,2.432222222,9:00,17:00,8,19.80%
萬大路423巷,13.41993958,18.71148036,11.71299094,1.394304367,7:00,20:00,13,12.30%
萬大平面廣場,86.19770115,208.9264368,162.0321839,2.423805206,9:00,17:00,8,16.10%
萬芳八號公園,24.68,24.68,120.22,1,0:00,9:00,9,2.30%
萬華火車站前廣場,46.22595597,82.69293163,47.07068366,1.788885268,9:00,17:00,8,22.00%
萬華火車站週邊,49.30574713,84.37241379,56.58505747,1.711208504,9:00,17:00,8,18.60%
萬美街1段,27.27480916,51.2519084,84.59541985,1.879093199,9:00,17:00,8,7.60%
萬青街,1.928921569,3.575980392,1.200980392,1.853875476,0:00,9:00,9,33.10%
萬慶平面廣場,16.85696822,35.03422983,27.09290954,2.078323301,9:00,17:00,8,16.20%
萬全街,6.666666667,8.666666667,10,1.3,9:00,17:00,8,10.80%
渭水路,22.78045977,39.81494253,13.32528736,1.747767294,7:00,20:00,13,23.00%
渭水路3巷,43.44597701,99.16321839,33.74022989,2.282448807,7:00,20:00,13,22.60%
文昌街,8.772020725,8.772020725,8.834196891,1,7:00,20:00,13,7.60%
文昌路,37.34236453,58.46633826,27.37438424,1.565683882,9:00,17:00,8,26.70%
文德路,9.666666667,15.4375,7.96875,1.596982759,9:00,17:00,8,24.20%
文德路101巷,4.91598916,9.850948509,2.991869919,2.003858875,0:00,9:00,9,36.60%
文湖街,87.44047619,176.9047619,106.5119048,2.023144997,9:00,17:00,8,20.80%
文化三路,17.125,17.125,25.29166667,1,9:00,17:00,8,8.50%
文林北路,43.77006312,16.48241659,91.70694319,0.376568262,9:00,17:00,8,2.20%
文林路,9.534223706,2.868113523,20.59933222,0.300822973,9:00,17:00,8,1.70%
文林路A含機車,257.6409214,257.6409214,212.5352304,1,7:00,20:00,13,9.30%
文林路B,70.14880952,114.0845238,56.43095238,1.626321595,7:00,20:00,13,15.60%
臥龍街,96.59051724,241.7618534,80.62392241,2.502956401,7:00,18:00,11,27.30%
臥龍街,96.59051724,241.7618534,80.62392241,2.502956401,9:00,17:00,8,37.50%
臥龍街272巷,12.92783505,27.92783505,17,2.160287081,9:00,17:00,8,20.50%
吳興街,14.24395857,35.59378596,16.716916,2.498868961,9:00,17:00,8,26.60%
吳興街220巷,46.48493151,89.6369863,61.58356164,1.928301998,7:00,21:00,14,10.40%
吳興街600巷平面,18.4350348,56.96403712,27.00232019,3.089988044,9:00,17:00,8,26.40%
五常公園周邊,30.71724138,73.9816092,52.13793103,2.408471786,9:00,17:00,8,17.70%
五常街,84.09682948,154.117395,94.89203085,1.832618376,9:00,17:00,8,20.30%
五常街53巷,22.34022989,37.28045977,26.36781609,1.668759004,9:00,17:00,8,17.70%
五分街,6.071428571,11.42857143,3.523809524,1.882352941,9:00,17:00,8,40.50%
五原路,13.49919094,14.20307443,8.058252427,1.052142643,9:00,17:00,8,22.00%
武昌街一段A（累進計時）,18.49706228,22.11985899,8.646298472,1.195857951,9:00,17:00,8,32.00%
武昌街一段B（含機車）,241.702346,241.702346,224.4369501,1,7:00,20:00,13,8.30%
武昌街一段C（含機車）,223.9540481,223.9540481,216.5733042,1,7:00,20:00,13,8.00%
西藏路125巷,47.48259494,107.6946203,74.04984177,2.268086241,7:00,18:00,11,13.20%
西藏路199巷,40.03908046,91.73103448,82.24137931,2.291037492,9:00,17:00,8,13.90%
西藏路A,161.6856823,186.1454139,133.2751678,1.151279515,3:00,17:00,14,10.00%
西藏路B,69.5816092,108.7609195,91.99885057,1.563069909,9:00,17:00,8,14.80%
西藏路C,71.78766589,109.0327869,100.0405933,1.518823401,9:00,17:00,8,13.60%
西昌街,43.22916667,77.77741228,57.05592105,1.799188332,9:00,17:00,8,17.00%
西寧北路Y00,136.1413043,219.2749361,92.40217391,1.610642245,7:00,20:00,13,18.30%
西寧北路Z00,25.75763547,36.21871921,34.60295567,1.406135251,8:00,17:00,9,11.60%
西寧南路A,298.6211209,338.0171376,217.229736,1.131926424,9:00,21:00,12,13.00%
西寧南路B,43.83773292,100.3765528,66.46350932,2.289729557,9:00,17:00,8,18.90%
西園路二段,39.65862069,69.0862069,43.28045977,1.742022433,9:00,17:00,8,20.00%
西園路二段(仁濟公園周邊),4.512820513,6.920745921,5.013986014,1.53357438,9:00,17:00,8,17.30%
西園路一段,47.646,81.17,54.98133333,1.703605759,9:00,17:00,8,18.50%
仙岩路,68.82,114.86,89.6,1.668991572,9:00,17:00,8,16.00%
襄陽路,35.81395349,35.81395349,32,1,9:00,17:00,8,14.00%
向陽路,9.358024691,15.73868313,8.325102881,1.681838171,9:00,17:00,8,23.60%
向陽路(圓環周邊),15.91724138,35.34482759,24.6045977,2.220537262,9:00,17:00,8,18.00%
向陽路162巷,20.8875,44.34,33.05,2.122800718,9:00,17:00,8,16.80%
小北街,31.49655172,58.84827586,27.63218391,1.868403766,9:00,17:00,8,26.60%
辛亥路7段,16.28,29.56,41.36,1.815724816,9:00,17:00,8,8.90%
辛亥路二段A,65.3091954,110.8931034,41.83563218,1.697970749,7:00,20:00,13,20.40%
辛亥路二段B,30.15852682,72.11529223,26.26180945,2.391207391,9:00,17:00,8,34.30%
辛亥路三段157巷,32.38275862,66.07241379,34.74137931,2.040357789,9:00,17:00,8,23.80%
辛亥路一段,128.1701613,230.1153226,94.66854839,1.795389194,7:00,20:00,13,18.70%
辛亥橋下,123.0689655,287.9068966,146.6091954,2.339394788,7:00,21:30,14.5,13.50%
新東街,69.85816619,104.6074499,80.56017192,1.497426222,7:00,20:00,13,10.00%
新光路1段,62.92,96.88,24.3,1.539732994,9:00,17:00,8,49.80%
新光路二段A,24.14164905,5.926004228,27.64904863,0.24546808,11:00,14:00,3,7.10%
新光路二段B,19.55265797,26.31494483,24.19859579,1.345850005,9:00,17:00,8,13.60%
新光路二段C,369.5686275,134.0130719,633.4771242,0.36262026,9:00,17:00,8,2.60%
新湖1路128巷,93.90574713,108.9586207,111.3632184,1.160297682,9:00,17:00,8,12.20%
新湖1路36巷,33.69459459,76.83243243,32.98648649,2.280259886,9:00,17:00,8,29.10%
新湖1路A,115.9565217,192.2318841,212.8695652,1.657792776,9:00,17:00,8,11.30%
新湖1路B,83.65217391,133.3623188,333.4782609,1.594248094,9:00,17:00,8,5.00%
新湖2路A,89.03448276,116.9137931,148.2758621,1.313129357,9:00,17:00,8,9.90%
新湖2路B,118.8550725,181.0724638,186.4347826,1.523472747,9:00,17:00,8,12.10%
新湖二路,245.6256831,428.068306,427.0218579,1.742766883,9:00,17:00,8,12.50%
新湖二路146巷,46.28505747,77.72643678,35.51034483,1.679298699,9:00,17:00,8,27.40%
新湖二路191巷,34.09885057,82.37701149,34.28735632,2.415829569,11:00,17:00,6,40.00%
新湖二路250巷,31.60229885,79.42988506,23.24137931,2.51342111,9:00,17:00,8,42.70%
新湖二路282巷,7.09478673,12.02843602,48.50236967,1.695390782,9:00,17:00,8,3.10%
新湖二路295巷,12.77699531,20.50704225,22.79577465,1.604997244,9:00,17:00,8,11.20%
新湖三路,160.4942529,260.1931034,437.7862069,1.621198883,9:00,17:00,8,7.40%
新湖三路219巷(無名巷三),37.16321839,106.9287356,36.73563218,2.87727329,9:00,17:00,8,36.40%
新湖一路,252.8333333,481.3715847,695.0601093,1.903908707,9:00,17:00,8,8.70%
新湖一路339巷,12.95854922,24.06735751,23.34196891,1.857257097,10:00,16:00,6,17.20%
新湖一路358巷及27弄,25.40689655,48.83218391,31.14712644,1.922005067,11:00,17:00,6,26.10%
新民街,17.49043062,31.74521531,12.90789474,1.815004787,7:00,20:00,13,18.90%
新明路,97.24832215,187.1275168,135.7852349,1.924223602,9:00,17:00,8,17.20%
新生北路1段兩側,156.0504673,125.9943925,97.63364486,0.807395163,7:00,20:00,13,9.90%
新生北路二段28巷,15.79490806,25.96039604,8.021216407,1.643592729,7:00,20:00,13,24.90%
新生北路橋下外圍,186.992891,358.0924171,228.0521327,1.915005513,7:00,20:00,13,12.10%
新生北路三段,31.52183908,61.63448276,82.01149425,1.955294632,9:00,17:00,8,9.40%
新生北路三段Y00,10.33101852,17.90509259,19.35416667,1.733139144,9:00,17:00,8,11.60%
新生北路三段Z00,3.07977208,5.977207977,1.219373219,1.94079556,7:00,20:00,13,37.70%
新生北路一段,42.7700831,57.35734072,23.66204986,1.341062176,7:00,21:00,14,17.30%
新生北橋側,155.3717328,324.3262343,141.2981607,2.087421105,7:00,18:00,11,20.90%
新生北橋下A(六),393.124502,823.9472112,406.1772908,2.095893812,0:00,23:59,24,8.50%
新生北橋下A(七),166.7838645,333.3894422,171.4133466,1.998931031,7:00,22:00,15,13.00%
新生北橋下B(四),101.6324701,223.5587649,103.6513944,2.199678554,0:00,23:59,24,9.00%
新生北橋下B(五),88.08366534,186.5737052,54.26992032,2.118141933,0:00,23:59,24,14.30%
新生北橋下C(二),69.88545817,167.7908367,79.28784861,2.40094064,7:00,22:00,15,14.10%
新生北橋下C(三),59.01095618,131.438247,54.10956175,2.227353284,7:00,21:30,14.5,16.80%
新生北橋下D(一),352.809761,792.4033865,457.186255,2.245979205,7:00,21:30,14.5,12.00%
新生廣場A,100.998008,160.8655378,78.3247012,1.592759512,7:00,21:00,14,14.70%
新生南路三段,29.5106929,37.49101796,13.42600513,1.270421474,9:00,17:00,8,34.90%
新生南路一段,99.74157303,80.02059925,83.1423221,0.802279299,12:00,20:00,8,12.00%
新行一機車平面停車場,42.875,21.1875,196.25,0.494169096,9:00,20:00,11,1.00%
新中街,95.10517241,150.0965517,96.29827586,1.578216494,7:00,20:00,13,12.00%
新中街52巷,29.5,162,44,5.491525424,9:00,17:00,8,46.00%
信安街,63.1583265,151.8769483,84.12059065,2.404701909,9:00,17:00,8,22.60%
信陽街（機車計次）,203.3441109,203.3441109,174,1,9:00,17:00,8,14.60%
信義路二段,53.67554859,70.96708464,38.6645768,1.322149219,9:00,17:00,8,22.90%
信義路二段44巷,8.588855422,13.43222892,7.38253012,1.56391373,9:00,17:00,8,22.70%
信義路四段186巷,63.44597701,142.7885057,40.6045977,2.250552556,7:00,20:00,13,27.10%
信義路四段199巷,24.07586207,50.25747126,19.28735632,2.087463,9:00,17:00,8,32.60%
信義路五段150巷,59.51264368,135.645977,87.51724138,2.279279975,9:00,17:00,8,19.40%
信義路五段150巷401弄,67.78502879,194.9443378,124.0038388,2.875920263,9:00,17:00,8,19.70%
信義路五段150巷平面,12.83583815,33.22080925,22.95722543,2.588129334,9:00,17:00,8,18.10%
信義路五段91巷(含12弄及15弄),10.15763547,22.33497537,5.312807882,2.198836081,7:00,20:00,13,32.30%
星雲街,67.33333333,133.6403509,81.70175439,1.984757686,9:00,17:00,8,20.40%
行愛路,124.5425287,175.8597701,257.5609195,1.412045924,9:00,17:00,8,8.50%
行愛路141巷,66.92643678,129.983908,102.5563218,1.942190774,9:00,17:00,8,15.80%
行愛路77巷,68.27816092,119.2827586,84.13563218,1.747011885,9:00,17:00,8,17.70%
行愛路78巷,48.61149425,104.6643678,59.16091954,2.153078596,10:00,17:00,7,25.30%
行善路,112.9885057,224.1931034,129.7310345,1.984211597,9:00,17:00,8,21.60%
行善路111巷,28.56,63.93,33.15,2.238445378,9:00,17:00,8,24.10%
行善路168巷,49.79493088,132.1935484,79.90322581,2.65475915,9:00,17:00,8,20.70%
行善路48巷,33.52643678,82.12643678,34.85057471,2.449602304,9:00,17:00,8,29.50%
行善路59巷20弄,15.18,39.26,18.4,2.58629776,9:00,17:00,8,26.70%
行善路59巷40弄,22.7,54.48,29.76,2.4,9:00,17:00,8,22.90%
行一大客車平面停車場,202.2830882,178.0808824,41.61397059,0.880354774,0:00,23:59,24,17.80%
行一機車平面停車場,210.9759825,181.5851528,454.9257642,0.860691111,0:00,23:59,24,1.70%
行忠路,149.8643678,284.9448276,508.1425287,1.901351414,9:00,17:00,8,7.00%
行忠路(大型車),10.24096386,9.337349398,14.77590361,0.911764706,9:00,17:00,8,7.90%
行忠路28巷,46.82949309,77.03917051,44.93087558,1.64509939,9:00,17:00,8,21.40%
行忠路66巷,15.10854503,27.25404157,24.42263279,1.803882605,9:00,17:00,8,13.90%
行忠路72巷,13.48372093,23.55348837,29.83953488,1.746809245,9:00,17:00,8,9.90%
興安街Y00,6.281430219,15.34832757,2.039215686,2.44344473,7:00,20:00,13,57.90%
興安街Z00,163.9554849,253.9507154,121.3839428,1.548900396,7:00,20:00,13,16.10%
興東街,9.466292135,16.28792135,6.886235955,1.720623145,9:00,17:00,8,29.60%
興華路,40.408,41.288,36.90933333,1.021777866,9:00,17:00,8,14.00%
興隆路2段,42.10144928,59.73188406,65.02898551,1.418760757,9:00,21:00,12,7.70%
興隆路3段,66.34920635,112.031746,79.47619048,1.688516746,9:00,17:00,8,17.60%
興隆路4段,86.78767123,132.2739726,104.2465753,1.524110173,9:00,17:00,8,15.90%
興隆路一段,81.62087912,135.9846154,120.4120879,1.666051834,9:00,17:00,8,14.10%
興義街,50.63448276,104.7149425,67.79195402,2.068055934,10:00,16:00,6,25.70%
興中路,50.83730159,68.48015873,77.2202381,1.347045508,9:00,17:00,8,11.10%
興中路12巷,56.10114943,56.95862069,41.80229885,1.01528438,7:00,20:00,13,10.50%
興中路28巷,45.14712644,57.17931034,58.05057471,1.266510515,9:00,17:00,8,12.30%
興中路44巷,22.69195402,30.28735632,31.91724138,1.33471786,9:00,17:00,8,11.90%
興中路56巷,1.125,1.125,1,1,9:00,17:00,8,14.10%
秀明路1段,68.95,127.8,184.47,1.853517041,9:00,17:00,8,8.70%
秀明路2段,29.78,62.79,41.61,2.108462055,9:00,17:00,8,18.90%
秀山路,10.75,10.75,36.83333333,1,9:00,17:00,8,3.60%
徐州路,317.4218391,557.9448276,276.6390805,1.757739257,7:00,20:00,13,15.50%
許昌街（含機車）,143.2106509,143.2899408,112.1692308,1.00055366,9:00,17:00,8,16.00%
延吉街,81.74613003,158.2732198,54.28328173,1.936155507,7:00,20:00,13,22.40%
延平北路4段294巷,13.67824074,26.38657407,69.77314815,1.929091217,9:00,17:00,8,4.70%
延平北路4至5段1巷,66.94252874,104.0873563,206.8137931,1.554876374,9:00,17:00,8,6.30%
延平北路6段,10.55555556,18.05555556,14.77777778,1.710526316,9:00,17:00,8,15.30%
延平北路四段,49.61945231,90.14636449,85.00188857,1.816754525,9:00,17:00,8,13.30%
延平北路五段1巷廣場,70.35632184,202.7735632,269.4758621,2.882094429,9:00,17:00,8,9.40%
延平南路A（累進計時）,91.71615721,161.6135371,84.75545852,1.762105414,7:00,20:00,13,14.70%
延平南路B（計時）,137.2850575,153.4022989,113.108046,1.117399823,9:00,17:00,8,17.00%
延平南路C（含機車）,376.3106796,376.3980583,404.038835,1.000232198,9:00,17:00,8,11.60%
延壽街314巷,20.87096774,40.15437788,21.58986175,1.923934643,9:00,17:00,8,23.20%
延壽街330巷,24.89425287,57.74022989,29.13103448,2.319420076,9:00,17:00,8,24.80%
延壽街330巷16弄,10.27251732,29.03002309,10.77829099,2.825989209,9:00,17:00,8,33.70%
延壽街330巷7弄,10.30344828,23.21609195,5.696551724,2.253235163,9:00,17:00,8,50.90%
延壽街330巷8弄,17.2281106,44.79953917,22.09677419,2.600374482,9:00,17:00,8,25.30%
延壽街72巷,38.04723502,86.76152074,56.89516129,2.280363361,9:00,17:00,8,19.10%
延壽街A,31.93632287,67.22959641,32.48071749,2.105113876,7:00,20:00,13,15.90%
延壽街B,132.2384052,235.4052075,172.6590724,1.780157641,9:00,17:00,8,17.00%
研究院路1段101巷,34.88965517,74.1954023,269.1218391,2.126573104,9:00,17:00,8,3.40%
陽光街,43.35,92.94,63.62,2.143944637,9:00,17:00,8,18.30%
陽光街252巷,27.70293798,38.98585419,46.97388466,1.407282297,10:00,17:00,7,11.90%
陽光街321巷,96.53103448,143.4195402,174.816092,1.485735038,9:00,17:00,8,10.30%
陽光街345巷,41.68390805,42.12298851,75.84137931,1.010533572,9:00,17:00,8,6.90%
陽光街365巷,61.1862069,62.48045977,140.3413793,1.02115269,9:00,17:00,8,5.60%
一江街A,73.55057471,138.183908,44.24827586,1.878760412,7:00,20:00,13,24.00%
一江街B,25.52631579,39.35368421,13.49473684,1.541690722,7:00,20:00,13,22.40%
伊通街A,25.53355155,44.4410802,12.26104746,1.740497404,7:00,19:00,12,30.20%
伊通街B,44.2045977,81.45517241,24.13793103,1.842685527,7:00,20:00,13,26.00%
伊通街C,50.33793103,96.39770115,28,1.915011189,7:00,20:00,13,26.50%
逸仙公園西側無名巷,117.4654378,117.4654378,120.735023,1,9:00,17:00,8,12.20%
迎風廣場平面,27.08864697,11.50855365,235.533437,0.424847859,9:00,17:00,8,0.60%
迎風廣場七號水門堤外平面大車停車場,10.64345404,3.969359331,52.82451253,0.372939021,9:00,17:00,8,0.90%
永福街,24.64066194,43.81914894,40.44208038,1.778326777,9:00,17:00,8,13.50%
永吉路120巷,87.62298851,214.7172414,124.1724138,2.450466995,8:00,20:00,12,14.40%
永吉路127巷(含11弄),10.82,22.94,12.6,2.120147874,9:00,17:00,8,22.80%
永吉路A,106.1642157,170.2377451,70.89052288,1.603532264,7:00,20:00,13,18.50%
永吉路B,62.0159109,99.17661098,40.21400159,1.599212356,7:00,20:00,13,19.00%
永吉平面停車場,19.45261845,46.69825436,13.83167082,2.400615345,7:00,20:00,13,26.00%
雨農路,98.92643678,121.1586207,143.8091954,1.224734506,9:00,17:00,8,10.50%
雨聲街,190.4616114,291.6758294,275.3165877,1.531415319,9:00,17:00,8,13.20%
玉成街,14.62187088,35.53754941,14.44795784,2.430437917,9:00,17:00,8,30.70%
玉成街A,60.10526316,134.7894737,180.1578947,2.242556918,8:00,20:00,12,6.20%
玉門街,23.34963325,46.40831296,35.96210269,1.987539267,9:00,17:00,8,16.10%
玉門街(大型車),6.818681319,4.453296703,2.17032967,0.653102337,9:00,17:00,8,25.60%
育仁路,39.68686869,39.12121212,100.0707071,0.985747009,9:00,17:00,8,4.90%
裕民二路,59.33333333,59.33333333,129,1,9:00,17:00,8,5.70%
裕民二路33巷,38.24137931,60.73793103,48.68735632,1.588277728,9:00,17:00,8,15.60%
裕民二路49巷,21.95833333,28.33333333,27.625,1.290322581,9:00,17:00,8,12.80%
裕民六路,48.07628866,75.23092784,65.00824742,1.564823948,9:00,17:00,8,14.50%
裕民四路,6.818181818,6.545454545,11.09090909,0.96,9:00,17:00,8,7.40%
裕民一路,25.64137931,29.92873563,18.7954023,1.16720459,9:00,17:00,8,19.90%
園區街,58.32933333,120.1053333,51.19866667,2.059089766,7:00,20:00,13,18.00%
樟新街,24.84,44.96,27.84,1.809983897,9:00,17:00,8,20.20%
長安東路2段153巷,28.99195402,57.3091954,17.07701149,1.97672759,7:00,20:00,13,25.80%
長安東路二段A,30.47737226,43.75547445,14.69416058,1.435670834,7:00,20:00,13,22.90%
長安東路二段B,24.92325581,36.35930233,17.63372093,1.458850425,7:00,20:00,13,15.90%
長安東路二段C,18.1880531,22.90044248,7.615781711,1.259092568,7:00,20:00,13,23.10%
長安東路一段,47.05555556,85.6878655,39.78581871,1.8209936,7:00,20:00,13,16.60%
長安東路一段52巷,16.98158803,30.32911392,9.97698504,1.785999864,7:00,20:00,13,23.40%
長安西路A,36.34674175,60.52051488,30.11906677,1.665087762,8:00,17:00,9,22.30%
長安西路B,68.08178138,114.3967611,49.82753036,1.680284488,7:00,20:00,13,17.70%
長春路137巷,28.28045977,58.3954023,15.90344828,2.064867501,7:00,20:00,13,28.20%
長春路258巷,10.35862069,15.63448276,4.710344828,1.509320905,7:00,20:00,13,25.50%
長春路A,43.10028382,62.52034059,22.87322611,1.450578396,7:00,20:00,13,21.00%
長春路B,66.88770053,141.6791444,56.20320856,2.118164375,7:00,20:00,13,19.40%
長春路C,55.791019,91.24525043,32.85924007,1.635482772,7:00,19:00,12,23.10%
長春路D,52.07373654,93.64208782,32.03148302,1.798259431,7:00,20:00,13,22.50%
長春路E,57.70617284,94.81975309,37.00082305,1.64314749,7:00,20:00,13,19.70%
長春路F,90.79901559,155.6439705,58.01722724,1.714159228,7:00,20:00,13,20.60%
長春路G,66.04367816,80.89425287,62.3908046,1.224859898,7:00,17:00,10,13.00%
長春路H(大車),14.86542923,10.57540603,3.153132251,0.711409396,7:00,20:00,13,25.80%
長沙街二段,60.92592593,105.2777778,86.87581699,1.727963526,9:00,17:00,8,15.10%
長沙街一段（累進計時）,93.47471264,172.5045977,79.87816092,1.845468072,9:00,17:00,8,27.00%
長順、雙園堤外平面大型車,22.2147806,8.889145497,77.60046189,0.400145545,9:00,17:00,8,1.40%
長順、雙園堤外平面小型車,79.05069124,31.38133641,241.9182028,0.396977381,9:00,17:00,8,1.60%
長順街,13.86363636,16.95596591,31.39488636,1.223053279,9:00,16:00,7,7.70%
長順街60巷,18.85023041,7.02764977,44.21658986,0.372815059,9:00,17:00,8,2.00%
長順街底堤外,16.83796296,7.06712963,28.17592593,0.41971405,9:00,17:00,8,3.10%
長興街,19.15747126,37.88735632,23.24367816,1.977680446,9:00,17:00,8,20.40%
詔安街,36.80952381,67.64285714,113.7619048,1.837645537,9:00,17:00,8,7.40%
振華街,27.29380902,32.98740818,24.14795383,1.208604052,9:00,17:00,8,17.10%
振興街,4.547344111,7.817551963,4.697459584,1.719146775,9:00,17:00,8,20.80%
鎮江街,13.73214286,20.07142857,5.053571429,1.461638492,7:00,20:00,13,30.60%
鄭州路,364.2781609,364.2781609,414.8965517,1,9:00,17:00,8,11.00%
鄭州路143巷,11.65962441,27.85211268,14.15962441,2.388765855,9:00,17:00,8,24.60%
鄭州路26巷,9.831408776,26.80600462,23.80369515,2.726568006,9:00,17:00,8,14.10%
植福路,165.7251656,256.2533113,318.0645695,1.54625467,12:00,20:00,8,10.10%
植福路286巷,54.95660377,97.2245283,110.1169811,1.769114567,12:00,20:00,8,11.00%
指南路2段,9.16,12.47,6.79,1.361353712,9:00,17:00,8,23.00%
至誠公園旁無名巷,18.88888889,54.77777778,79.22222222,2.9,9:00,17:00,8,8.60%
至誠路二段,67.50689655,92.97356322,92.06896552,1.377245407,9:00,17:00,8,12.60%
至誠路一段,17.06651376,22.46788991,39.74082569,1.316489719,9:00,17:00,8,7.10%
至善公園平面,5.465430017,5.465430017,35.75885329,1,9:00,17:00,8,1.90%
至善路2段,18.86956522,18.86956522,25.73913043,1,9:00,17:00,8,9.20%
至善路二段,75.83278146,75.83278146,150.6854305,1,9:00,17:00,8,6.30%
至善路一段,30.98895028,30.98895028,76.89134438,1,9:00,17:00,8,5.00%
至善路一段A大車,12.3715342,12.3715342,10.45101664,1,9:00,17:00,8,14.80%
致遠三路,7.25,7.25,14,1,9:00,17:00,8,6.50%
致遠一路1段,8.048387097,7.338709677,14.14516129,0.911823647,9:00,17:00,8,6.50%
中華路二段,104.7245314,151.6992665,129.0138549,1.448555219,9:00,17:00,8,14.70%
中華路二段300巷13弄,14.14347826,31.51304348,19.42028986,2.228097141,9:00,17:00,8,20.30%
中華路二段315巷,7.272093023,10.49302326,5.48372093,1.442916533,9:00,17:00,8,23.90%
中華路二段364巷17弄及24弄,17.524,39.93733333,39.38666667,2.279007837,9:00,17:00,8,12.70%
中華路二段39巷,46.09195402,58.42528736,29.50344828,1.267581047,9:00,17:00,8,24.80%
中華路二段416巷,108.7203579,256.1029083,58.25279642,2.355611342,9:00,17:00,8,55.00%
中華路二段443巷,16.97011494,30.62528736,35.11264368,1.804659984,9:00,17:00,8,10.90%
中華路二段484巷,10.33140878,20.77598152,10.05080831,2.010953392,9:00,17:00,8,25.80%
中華路二段75巷,51.20314548,65.40366972,67.72870249,1.277336951,9:00,17:00,8,12.10%
中坡北路,30.0905764,57.55901189,20.98444648,1.912858403,9:00,17:00,8,34.30%
中坡南路,51.85103011,86.93026941,66.24088748,1.676538908,9:00,17:00,8,16.40%
中山北路5段6段,25.20689655,64.42298851,31.72183908,2.555768354,9:00,17:00,8,25.40%
中山北路7段,33,61.33333333,49.61111111,1.858585859,9:00,17:00,8,15.50%
中山北路二段39巷,32.2137931,56.44367816,15.27126437,1.75215871,7:00,20:00,13,28.40%
中山北路二段45巷,16.1954023,22.70574713,8.926436782,1.401987225,8:00,20:00,12,21.20%
中山北路二段77巷,113.4293103,229.3767241,77.2137931,2.02219976,7:00,20:00,13,22.90%
中山北路六段,230.1071038,339.6306011,238.8174863,1.475967475,9:00,17:00,8,17.80%
中山北路六段2巷,3.15437788,8.843317972,2.451612903,2.803506209,9:00,17:00,8,45.10%
中山北路六段405巷,46.06206897,59.4183908,27.02988506,1.289963567,9:00,17:00,8,27.50%
中山北路七段,106.9146341,153.6940133,91.70066519,1.437539534,9:00,17:00,8,21.00%
中山北路三段,7.409195402,17.36781609,4.957471264,2.344089358,9:00,17:00,8,43.80%
中山北路五段A,15.90552995,26.9124424,24.5483871,1.692017963,9:00,17:00,8,13.70%
中山北路五段B,46.31344471,79.58074781,45.90373906,1.718307682,7:00,20:00,13,13.30%
中山北路五段C機車,192.4953959,192.4953959,453.0644567,1,12:00,20:00,8,5.30%
中山北路一段,93.47465438,93.47465438,150.2488479,1,9:00,17:00,8,7.80%
中山北路一段53巷,47.34482759,98.07586207,36.99770115,2.071522214,7:00,20:00,13,20.40%
中山路,18.77777778,18.77777778,55.58333333,1,9:00,17:00,8,4.20%
中山南路（機車計次）,96.68045977,96.68045977,73.74482759,1,9:00,17:00,8,16.40%
中山南路2巷（機車計次）,312.3517241,312.3517241,282,1,9:00,17:00,8,13.80%
中山南路二巷臨時平面,163.8241167,205.1006144,149.8870968,1.251956174,9:00,17:00,8,17.10%
中央北路1段,10.16666667,9.5,14,0.93442623,9:00,17:00,8,8.50%
中央北路2段,37.88888889,37.61111111,98.66666667,0.992668622,9:00,17:00,8,4.80%
中正路,80.43083573,105.7723343,117.7982709,1.315071929,9:00,17:00,8,11.20%
中正路A,38.83271375,62.5260223,27.7239777,1.610137852,9:00,17:00,8,28.20%
忠誠路二段,161.7813901,255.5493274,166.514574,1.57959656,9:00,17:00,8,19.20%
忠誠路一段,114.5825991,183.6960352,128.4922907,1.603175671,9:00,17:00,8,17.90%
忠孝東路二段,31.41541353,25.43045113,36.07894737,0.809489619,12:00,20:00,8,8.80%
忠孝東路二段134巷,19.44845361,31.71262887,9.141752577,1.630598993,7:00,20:00,13,26.70%
忠孝東路三段,67.68855535,53.61350844,113.3883677,0.792061644,12:00,20:00,8,5.90%
忠孝東路三段251巷,34.77938144,72.09896907,22.4371134,2.073037705,13:00,20:00,7,45.90%
忠孝東路五段,73.1355102,112.9044898,60.83836735,1.543771138,7:00,20:00,13,14.30%
忠孝東路五段236巷27弄,27.76781609,65.09655172,25.40689655,2.344316582,7:00,20:00,13,19.70%
忠孝東路五段236巷45弄,11.58390805,25.91034483,5.131034483,2.236753324,7:00,20:00,13,38.80%
忠孝東路五段236巷57弄,18.89425287,41.21149425,12.73103448,2.181165592,7:00,20:00,13,24.90%
忠孝東路五段372巷28弄,27.74641834,64.4025788,18.82951289,2.321113234,7:00,9:00,2,171.00%
忠孝西路二段,71.05900383,125.9900383,88.50268199,1.77303412,9:00,17:00,8,17.80%
忠孝西路二段16巷,77.93456221,80.56774194,41.16866359,1.03378706,9:00,21:00,12,16.30%
忠孝西路橋下,17.94124424,49.12788018,16.26036866,2.738264946,9:00,17:00,8,37.80%
忠孝西路一段(機車計次)A,137.1843318,137.1843318,207.7603687,1,9:00,17:00,8,8.30%
忠孝西路一段(機車計次)B,117.2424942,117.2424942,123.8568129,1,9:00,17:00,8,11.80%
忠孝西路一段三角窗（機車計次）,59.64186047,59.64186047,111.4883721,1,9:00,17:00,8,6.70%
忠義街,63.25319149,88.65106383,73.45106383,1.401527128,9:00,17:00,8,15.10%
重慶北路3段223巷,9.471264368,13.40229885,5.620689655,1.415048544,9:00,17:00,8,29.80%
重慶北路4段,67.25790349,115.4816972,102.2595674,1.716998169,9:00,17:00,8,14.10%
重慶北路三段,42.53794179,45.77598753,50.55093555,1.076121354,9:00,17:00,8,11.30%
重慶北路一段,19.09672131,12.24098361,6.880327869,0.640999227,9:00,17:00,8,22.20%
重慶南路二段8巷,5.29787234,10.53191489,11.06382979,1.987951807,9:00,17:00,8,11.90%
重慶南路一段126巷,4.102372035,6.197253433,1.867665418,1.510651248,9:00,17:00,8,41.50%
重慶南路一段136巷（累進計時）,63.90163934,74.85714286,59.30444965,1.171443231,9:00,17:00,8,15.80%
重慶南路一段B,142.0933489,142.0933489,126.5950992,1,7:00,20:00,13,8.60%
重慶南路一段C,3.570967742,7.864516129,1.096774194,2.20234869,9:00,17:00,8,89.60%
重陽路,150.7467742,358.8290323,266.3153226,2.380343023,7:00,20:00,13,10.40%
重陽路125巷,17.1245283,33.04654088,41.21383648,1.92977817,9:00,17:00,8,10.00%
重陽路187巷,11.50132979,24.19680851,27.11835106,2.103827032,9:00,17:00,8,11.20%
重陽路57巷,26.20238095,67.86904762,55.35714286,2.590186279,9:00,17:00,8,15.30%
洲美快速道路橋下(大客車),2.679012346,3.843621399,19.18518519,1.434715822,9:00,17:00,8,2.50%
洲子街A,100.1241379,146.9747126,127.6183908,1.467924875,9:00,17:00,8,14.40%
洲子街B(機車),311.7954023,268.8988506,379.4712644,0.862420833,9:00,17:00,8,8.90%
朱崙街,132.3020408,249.195102,117.3518367,1.883531807,7:00,20:00,13,16.30%
珠海路,36.90277778,36.90277778,91.18055556,1,9:00,17:00,8,5.10%
莊敬路,171.0738413,260.3000786,111.0526316,1.521565638,7:00,20:00,13,18.00%
莊敬路239巷,3.899421965,8.805780347,2.03699422,2.258227098,9:00,17:00,8,54.00%
莊敬路325巷45弄,52.58390805,105.3770115,76.99310345,2.003978316,9:00,17:00,8,17.10%